lethargy,vomiting,diarrhea,loss_of_appetite,coughing,sneezing,nasal_discharge,limping,scratching,ear_discharge,eye_discharge,swelling,seizure,fever,excessive_thirst,weight_loss,weight_gain,bad_breath,skin_redness,age_months,duration_days,illness,severity
0,0,0,0,0,0,0,1,0,0,0,1,0,0,0,0,0,0,0,161,883,osteoarthritis,moderate
0,0,0,0,0,0,0,0,1,0,1,0,0,0,0,0,0,0,0,115,5,conjunctivitis,mild
1,0,0,0,0,0,0,1,0,0,0,0,0,0,0,0,0,0,0,106,234,osteoarthritis,moderate
0,0,0,0,0,1,0,0,1,0,1,0,0,0,0,0,0,0,1,77,153,environmental_allergies,mild
0,0,0,1,0,0,0,0,0,0,0,1,0,0,0,0,0,1,0,55,867,dental_disease,mild
1,0,0,0,0,0,0,0,0,0,0,1,0,0,0,1,0,1,1,136,887,hypothyroidism,moderate
0,1,1,1,0,0,0,0,0,0,0,0,0,0,0,0,0,0,0,107,1,gastroenteritis,moderate
1,0,0,1,0,0,0,0,0,0,0,0,0,0,0,0,0,0,0,179,114,anxiety_behavioral,mild
1,0,0,1,0,0,0,0,0,0,0,0,0,1,1,0,0,0,0,51,9,urinary_tract_infection,moderate
1,0,0,0,0,0,0,1,0,0,0,0,0,0,0,0,1,0,0,45,334,obesity_related_strain,mild
0,0,0,1,1,1,1,0,0,0,0,0,0,0,0,0,0,0,0,20,10,kennel_cough,mild
1,0,0,0,0,0,0,1,0,0,0,1,0,0,0,0,0,0,0,173,413,osteoarthritis,moderate
1,1,0,0,0,0,0,0,0,0,0,0,1,1,0,0,0,0,0,187,1,heatstroke,emergency
1,0,0,0,0,0,0,0,0,1,0,0,0,0,0,1,0,1,0,149,625,hypothyroidism,moderate
1,0,0,0,0,0,0,1,0,0,0,1,0,0,0,0,0,0,0,173,301,osteoarthritis,moderate
1,1,0,0,0,0,1,0,0,0,0,0,1,1,0,0,0,0,0,128,1,heatstroke,emergency
0,0,0,0,0,1,0,0,1,0,1,0,0,0,0,0,0,0,1,85,93,environmental_allergies,mild
1,1,0,0,0,0,0,1,0,0,0,0,0,0,0,0,0,0,0,33,465,hip_dysplasia,moderate
1,0,0,1,0,0,0,1,0,0,0,0,0,1,0,0,0,0,0,44,17,tick_borne_disease,severe
0,0,0,1,0,0,0,0,0,0,0,1,0,0,0,0,0,0,0,185,623,dental_disease,mild
0,0,0,0,0,0,0,0,1,0,0,0,0,0,0,0,0,0,0,149,12,ear_infection,mild
0,0,0,0,1,1,0,0,0,0,0,0,0,0,1,0,0,0,0,19,5,kennel_cough,mild
1,0,0,1,0,0,0,0,0,0,0,0,0,1,1,0,0,0,0,138,3,urinary_tract_infection,moderate
1,0,0,1,0,0,0,0,0,0,0,0,0,1,1,0,0,0,0,104,3,urinary_tract_infection,moderate
1,1,1,1,0,0,0,0,0,0,0,0,0,1,0,0,0,0,0,3,2,parvovirus,emergency
1,1,1,1,0,0,0,0,0,0,0,0,0,1,0,0,0,0,0,12,2,parvovirus,emergency
0,1,1,1,0,0,0,0,0,0,0,0,0,0,0,1,0,0,0,7,36,intestinal_parasites,moderate
0,1,1,1,0,1,0,0,0,0,0,0,0,0,0,0,0,0,0,72,4,gastroenteritis,moderate
0,1,1,1,0,0,0,0,0,0,0,0,0,0,0,0,0,0,0,70,1,gastroenteritis,moderate
0,0,0,0,1,0,1,0,0,0,0,0,0,0,0,0,0,0,0,141,2,kennel_cough,mild
0,0,0,0,0,1,0,0,0,0,1,0,0,0,0,0,0,0,0,114,9,conjunctivitis,mild
0,0,0,0,0,0,0,0,1,0,0,0,0,0,0,1,0,0,1,62,23,mange,moderate
0,0,0,1,0,0,0,0,1,0,0,0,0,0,0,0,0,0,0,152,8,conjunctivitis,mild
0,1,1,1,0,0,0,0,0,0,0,0,0,0,0,1,0,0,0,3,20,intestinal_parasites,moderate
0,0,0,0,0,0,0,0,1,0,0,0,0,0,0,1,0,0,1,10,73,mange,moderate
1,1,1,0,0,0,0,0,0,0,0,0,0,1,0,0,0,0,0,4,2,parvovirus,emergency
1,0,0,1,0,0,0,0,0,1,0,0,0,1,1,0,0,0,0,101,10,urinary_tract_infection,moderate
1,0,0,1,0,0,0,1,0,0,0,0,0,1,0,0,0,0,0,83,14,tick_borne_disease,severe
0,0,0,0,1,1,1,0,0,0,0,0,0,0,0,0,0,0,0,68,5,kennel_cough,mild
0,1,1,1,0,0,0,0,0,0,0,0,0,0,0,0,0,0,0,25,4,gastroenteritis,moderate
0,0,0,0,1,0,1,0,0,0,0,0,0,0,0,0,0,0,0,82,14,kennel_cough,mild
0,0,0,1,0,0,0,0,0,0,0,1,0,0,0,0,0,1,0,93,337,dental_disease,mild
0,0,0,0,0,1,0,0,1,0,1,0,0,0,0,0,0,0,1,92,96,environmental_allergies,mild
0,0,0,0,0,0,0,0,0,1,0,0,0,0,0,0,0,0,0,157,13,ear_infection,mild
0,0,0,0,0,0,0,0,0,0,1,0,0,0,0,0,0,0,0,75,4,conjunctivitis,mild
0,1,1,1,0,0,0,0,0,0,0,0,0,0,0,0,0,0,0,125,3,gastroenteritis,moderate
0,0,0,1,0,0,0,0,0,0,0,1,0,0,0,0,0,1,0,92,789,dental_disease,mild
0,0,0,0,0,0,0,0,1,0,0,0,0,0,0,1,0,0,1,22,46,mange,moderate
1,0,0,0,0,0,0,1,0,0,0,0,0,0,0,0,1,0,0,147,735,obesity_related_strain,mild
1,0,0,0,0,0,0,0,0,0,0,0,0,0,0,0,1,0,0,63,817,obesity_related_strain,mild
1,0,0,1,0,0,0,0,0,0,0,0,0,1,1,0,0,0,0,173,8,urinary_tract_infection,moderate
0,0,0,0,0,0,0,0,1,0,1,0,0,0,0,0,0,0,0,183,9,conjunctivitis,mild
1,0,0,1,0,0,0,0,0,0,0,0,0,0,0,0,0,0,0,76,24,anxiety_behavioral,mild
0,0,0,0,0,0,0,0,1,0,0,0,0,0,0,0,0,0,0,155,6,conjunctivitis,mild
0,0,0,0,0,1,0,1,1,0,1,0,0,0,0,0,0,0,1,34,79,environmental_allergies,mild
1,1,0,0,0,0,0,0,0,0,0,0,1,1,0,0,0,0,0,143,1,heatstroke,emergency
1,0,0,0,0,0,0,1,0,0,0,0,0,0,0,0,1,0,0,86,773,obesity_related_strain,mild
0,1,0,0,1,0,1,0,0,0,0,0,0,0,0,0,0,0,0,122,5,kennel_cough,mild
1,1,0,0,0,0,0,0,0,0,0,1,0,0,0,0,0,0,0,154,1,bloat_gdv,emergency
0,0,0,0,0,0,0,1,0,0,0,0,0,0,0,0,1,0,0,147,861,obesity_related_strain,mild
1,0,0,1,0,0,0,0,0,0,0,0,0,1,1,0,0,0,0,172,5,urinary_tract_infection,moderate
0,0,0,1,0,0,0,0,0,0,0,0,0,0,0,0,0,0,0,23,36,anxiety_behavioral,mild
1,0,0,0,0,0,0,1,0,0,0,0,0,0,0,0,0,0,0,112,93,hip_dysplasia,moderate
0,0,0,0,0,0,0,0,1,1,0,0,0,0,0,0,0,0,0,135,8,ear_infection,mild
0,1,1,1,0,0,0,0,0,1,0,0,0,0,0,1,0,0,0,9,33,intestinal_parasites,moderate
0,0,0,0,0,0,0,0,1,1,0,0,0,0,0,0,0,0,0,28,2,ear_infection,mild
0,0,0,0,0,1,0,0,1,0,1,0,0,0,0,0,0,0,1,149,150,environmental_allergies,mild
0,0,0,0,0,1,1,0,0,0,0,0,0,0,0,0,0,0,0,21,9,kennel_cough,mild
1,0,0,0,0,0,0,1,0,0,0,0,0,0,0,0,0,0,0,177,231,hip_dysplasia,moderate
0,0,0,0,0,0,0,0,1,1,0,0,0,0,0,0,0,0,0,134,5,ear_infection,mild
0,0,0,0,0,0,0,0,1,0,1,0,0,0,0,0,0,0,0,193,4,conjunctivitis,mild
1,1,0,0,0,0,0,0,0,0,0,1,0,0,0,0,0,0,0,138,1,bloat_gdv,emergency
1,0,0,1,0,0,0,0,0,0,0,0,0,0,0,0,0,0,0,98,25,anxiety_behavioral,mild
1,0,0,0,0,0,0,0,0,0,0,0,0,0,0,1,0,1,1,85,669,hypothyroidism,moderate
1,1,1,1,0,0,0,0,0,0,0,0,0,1,0,0,0,0,0,6,2,parvovirus,emergency
1,1,0,1,0,0,0,0,0,0,0,0,0,1,0,0,0,0,0,10,1,parvovirus,emergency
1,0,0,1,0,0,0,0,0,0,0,0,0,0,0,0,0,0,0,29,70,anxiety_behavioral,mild
0,0,0,0,0,1,0,0,1,0,1,0,0,0,0,0,0,0,1,24,27,environmental_allergies,mild
1,0,0,1,0,0,0,0,0,0,0,0,0,1,1,0,0,0,0,93,3,urinary_tract_infection,moderate
1,0,0,1,0,0,0,1,0,0,0,0,0,1,0,0,0,0,0,141,12,tick_borne_disease,severe
0,0,1,1,0,0,0,0,0,0,0,0,0,0,0,0,0,0,0,150,4,gastroenteritis,moderate
1,0,0,0,0,0,0,0,0,0,0,0,1,1,0,0,0,0,0,88,1,heatstroke,emergency
1,1,0,0,0,0,0,0,0,0,0,1,0,0,0,0,0,0,0,33,1,bloat_gdv,emergency
0,0,0,0,1,1,1,0,0,0,0,0,0,0,0,0,0,0,0,156,5,kennel_cough,mild
0,0,0,0,1,1,1,0,0,0,0,0,0,0,0,0,0,0,0,145,2,kennel_cough,mild
1,1,0,0,0,0,0,0,0,0,0,1,0,0,0,0,0,0,0,188,1,bloat_gdv,emergency
0,0,0,1,0,0,0,0,0,0,0,1,0,0,0,0,0,1,0,104,416,dental_disease,mild
1,0,0,1,0,0,0,0,0,0,0,0,0,1,1,0,0,0,0,57,4,urinary_tract_infection,moderate
0,1,1,1,0,0,0,0,0,0,0,0,0,0,0,1,0,0,0,6,10,intestinal_parasites,moderate
0,0,1,0,0,0,0,0,1,0,1,0,0,0,0,0,0,0,0,105,10,conjunctivitis,mild
0,0,0,0,0,1,0,0,1,0,1,0,0,0,0,0,0,0,1,92,123,environmental_allergies,mild
0,0,0,1,0,0,0,0,0,0,0,1,0,0,0,0,0,1,0,128,555,dental_disease,mild
0,0,0,0,0,0,0,0,1,0,0,0,0,0,0,1,0,0,1,103,45,mange,moderate
0,0,0,0,0,0,0,0,1,0,1,0,0,0,0,0,0,0,0,199,9,conjunctivitis,mild
1,0,0,1,0,0,0,1,0,0,0,0,0,1,0,0,0,0,0,110,6,tick_borne_disease,severe
1,1,0,0,0,0,0,0,1,0,0,1,0,0,0,0,0,0,0,170,1,bloat_gdv,emergency
0,0,0,1,0,0,0,0,0,0,0,0,0,0,0,0,0,0,0,179,58,anxiety_behavioral,mild
1,1,0,0,0,0,0,0,0,0,0,1,0,0,0,0,0,0,0,94,1,bloat_gdv,emergency
0,0,0,1,0,0,0,0,0,0,0,0,0,0,0,0,0,0,0,49,170,anxiety_behavioral,mild
0,1,1,1,0,0,0,0,0,0,0,0,0,0,0,0,0,0,0,98,4,gastroenteritis,moderate
0,1,1,1,0,0,0,0,0,0,0,0,0,0,0,1,0,0,0,25,24,intestinal_parasites,moderate
0,0,0,0,0,1,1,0,0,0,0,0,0,0,0,0,0,0,0,69,14,kennel_cough,mild
0,0,1,1,0,0,0,0,0,0,0,0,0,0,0,1,0,0,0,59,16,intestinal_parasites,moderate
1,0,0,0,0,0,0,1,0,0,0,0,0,1,0,0,0,0,0,184,17,tick_borne_disease,severe
1,0,0,0,0,0,0,1,0,0,0,1,0,0,1,0,0,0,0,199,720,osteoarthritis,moderate
0,0,0,1,0,0,0,0,0,0,0,1,0,0,0,0,0,1,0,40,276,dental_disease,mild
1,0,0,0,0,0,0,1,0,0,0,0,1,0,0,0,0,0,0,165,351,hip_dysplasia,moderate
0,1,1,1,0,0,0,0,0,0,0,0,0,0,0,0,0,0,0,2,58,intestinal_parasites,moderate
0,0,0,0,1,1,1,0,0,0,0,1,0,0,0,0,0,0,0,43,13,kennel_cough,mild
0,1,1,1,0,0,0,0,0,0,0,0,0,0,0,0,0,0,0,120,1,gastroenteritis,moderate
1,0,0,1,0,0,0,0,0,0,0,0,0,0,0,0,1,0,0,83,24,anxiety_behavioral,mild
0,0,0,0,0,0,0,0,0,0,0,0,0,0,0,1,0,1,1,65,418,hypothyroidism,moderate
0,1,1,1,0,0,0,0,0,0,0,0,0,0,0,0,0,0,0,180,2,gastroenteritis,moderate
0,0,0,0,0,0,0,0,1,0,1,0,0,0,0,0,0,0,0,24,3,conjunctivitis,mild
1,1,0,0,0,0,0,0,0,0,0,0,1,1,0,0,0,0,0,147,1,heatstroke,emergency
1,1,0,0,0,0,0,0,0,0,0,0,0,0,0,0,0,1,0,191,1,bloat_gdv,emergency
0,0,0,0,1,0,1,0,0,0,0,0,0,0,0,0,0,0,0,107,14,kennel_cough,mild
1,1,1,1,0,0,0,0,0,0,0,0,0,1,0,0,0,0,0,2,2,parvovirus,emergency
0,1,1,1,0,0,0,0,0,0,0,0,0,0,0,1,0,1,0,26,30,intestinal_parasites,moderate
1,0,0,0,0,0,0,0,0,1,0,0,0,0,0,0,0,0,0,37,497,hip_dysplasia,moderate
0,0,0,0,0,1,1,0,1,0,1,0,0,0,0,0,0,0,1,176,115,environmental_allergies,mild
0,0,0,0,0,0,0,0,0,0,1,0,0,0,0,0,0,0,0,37,8,conjunctivitis,mild
1,0,0,0,0,0,0,0,0,0,0,0,0,0,0,1,0,1,1,129,238,hypothyroidism,moderate
1,0,0,0,0,0,0,0,0,0,0,0,0,0,0,1,0,1,1,72,110,hypothyroidism,moderate
1,1,0,0,0,0,0,0,0,0,0,0,1,0,0,0,0,0,0,107,1,heatstroke,emergency
0,0,0,1,0,0,0,0,0,0,0,0,0,0,0,0,0,0,0,64,90,anxiety_behavioral,mild
1,0,0,0,0,1,0,1,0,0,0,0,0,0,0,0,0,0,0,65,422,hip_dysplasia,moderate
1,0,0,1,0,0,0,0,0,0,0,0,0,1,1,0,0,0,0,52,4,urinary_tract_infection,moderate
0,1,1,1,0,0,0,0,0,0,0,0,0,0,0,0,0,0,0,99,4,gastroenteritis,moderate
1,1,1,1,0,0,0,0,0,0,0,0,0,1,0,0,0,0,0,10,1,parvovirus,emergency
1,0,0,0,0,0,0,0,0,0,0,0,0,0,0,1,0,1,1,72,86,hypothyroidism,moderate
0,1,0,0,0,0,0,0,0,0,0,0,1,1,0,0,0,0,0,133,1,heatstroke,emergency
1,0,0,0,0,0,0,1,0,0,0,1,0,0,0,0,0,0,0,102,323,osteoarthritis,moderate
0,0,0,0,0,1,0,0,1,0,1,0,0,0,0,0,0,0,1,175,115,environmental_allergies,mild
0,0,0,0,0,1,1,0,0,0,0,0,0,0,0,0,0,0,0,92,14,kennel_cough,mild
1,0,0,0,0,0,0,0,0,0,0,0,0,0,0,0,0,1,1,104,714,hypothyroidism,moderate
0,0,0,0,0,1,0,0,1,0,1,0,0,0,1,0,0,0,0,116,51,environmental_allergies,mild
1,0,0,0,0,0,0,1,0,0,0,0,0,0,0,0,1,0,0,136,402,obesity_related_strain,mild
0,0,0,0,0,0,0,0,1,0,0,0,0,0,0,1,0,0,0,75,23,mange,moderate
0,0,0,1,0,0,0,0,0,0,0,1,0,0,0,0,0,1,0,141,170,dental_disease,mild
0,0,0,0,0,0,0,0,1,0,1,0,0,0,0,0,0,0,0,2,3,conjunctivitis,mild
1,0,0,0,0,0,0,0,0,0,0,0,0,0,0,1,0,1,1,186,331,hypothyroidism,moderate
0,1,1,1,0,0,0,0,0,0,0,0,0,0,0,1,0,0,0,9,28,intestinal_parasites,moderate
0,0,1,1,0,0,0,0,0,0,0,0,0,0,0,0,0,0,0,129,4,gastroenteritis,moderate
1,0,0,1,0,0,0,0,0,0,0,0,0,0,0,0,0,0,0,167,163,anxiety_behavioral,mild
0,0,0,1,0,0,0,0,0,0,0,1,0,0,0,0,0,1,0,155,576,dental_disease,mild
0,1,1,1,0,0,0,0,0,0,0,0,0,1,0,0,0,0,0,2,4,parvovirus,emergency
0,0,0,0,0,0,0,0,1,0,0,0,0,0,0,1,0,0,1,20,49,mange,moderate
1,0,0,0,0,0,0,1,0,0,0,0,0,0,0,0,0,0,0,146,30,hip_dysplasia,moderate
1,0,0,1,0,0,0,0,0,0,0,0,0,1,1,0,0,0,0,44,2,urinary_tract_infection,moderate
1,0,0,0,0,0,0,1,0,0,0,0,0,0,0,0,0,0,0,62,639,osteoarthritis,moderate
0,0,0,0,0,0,0,0,1,0,1,0,0,0,0,0,0,0,1,164,124,environmental_allergies,mild
1,0,0,1,0,0,0,0,0,0,0,0,0,1,1,0,0,0,0,162,4,urinary_tract_infection,moderate
1,1,1,1,0,1,0,0,0,0,0,0,0,1,0,0,0,0,0,5,2,parvovirus,emergency
1,0,0,0,0,0,0,0,0,0,0,0,0,0,0,0,0,0,0,194,23,anxiety_behavioral,mild
1,1,0,0,0,0,0,0,0,0,0,0,1,1,0,0,0,0,0,89,1,heatstroke,emergency
0,0,0,0,0,0,0,0,1,0,1,0,0,0,0,0,0,0,0,72,3,conjunctivitis,mild
0,1,1,1,0,0,0,0,0,0,0,0,0,0,0,1,0,0,0,42,35,intestinal_parasites,moderate
1,0,0,0,0,0,0,1,0,0,0,0,0,0,0,1,0,1,1,68,759,hypothyroidism,moderate
1,1,0,0,0,0,0,1,0,0,0,0,1,1,0,0,0,0,0,174,1,heatstroke,emergency
0,1,1,1,0,0,0,0,0,0,0,0,0,0,0,1,0,0,0,13,60,intestinal_parasites,moderate
0,0,0,1,0,0,0,0,0,0,0,1,0,0,0,0,0,1,0,120,692,dental_disease,mild
0,0,0,1,0,0,0,0,1,0,1,0,0,0,0,0,0,0,0,2,5,conjunctivitis,mild
1,0,0,0,0,0,0,1,0,0,0,1,0,0,0,0,0,0,0,95,703,osteoarthritis,moderate
1,1,0,0,0,0,0,0,0,0,0,0,1,1,0,0,0,0,0,122,1,heatstroke,emergency
1,0,0,1,0,0,0,0,0,0,0,0,0,1,1,0,0,0,0,19,7,urinary_tract_infection,moderate
0,0,0,0,0,1,0,0,1,0,1,0,0,0,0,0,0,0,1,161,175,environmental_allergies,mild
0,0,0,1,0,0,0,0,1,0,1,0,0,0,0,0,0,0,0,70,10,conjunctivitis,mild
0,0,0,0,1,1,1,0,0,0,0,0,0,0,0,0,0,0,0,39,8,kennel_cough,mild
0,0,0,0,0,0,0,0,1,1,0,0,0,0,0,0,0,0,0,125,9,ear_infection,mild
1,0,0,0,0,0,0,1,0,0,0,0,0,0,0,0,1,0,0,125,138,obesity_related_strain,mild
0,0,0,1,0,0,0,0,0,0,0,1,0,0,0,0,0,1,0,121,340,dental_disease,mild
0,0,0,0,0,0,0,0,1,0,0,0,0,0,0,1,0,0,1,33,73,mange,moderate
1,1,0,0,0,0,0,1,0,0,0,1,0,0,0,0,0,0,0,128,1,bloat_gdv,emergency
1,1,0,0,0,0,0,0,0,0,0,0,1,1,0,0,0,0,0,63,1,heatstroke,emergency
0,0,0,0,0,1,0,0,0,0,1,0,0,0,0,0,0,0,1,165,164,environmental_allergies,mild
1,0,0,0,0,0,0,1,0,0,0,0,0,0,0,0,0,0,0,172,100,hip_dysplasia,moderate
1,1,0,0,0,0,0,0,0,0,0,1,0,0,0,0,0,0,0,98,1,bloat_gdv,emergency
0,0,1,1,0,0,0,1,0,0,0,0,0,0,0,0,0,0,0,106,2,gastroenteritis,moderate
0,0,0,0,0,0,0,1,0,0,0,0,0,0,0,0,1,0,0,184,567,obesity_related_strain,mild
0,0,0,0,1,1,1,0,0,0,0,0,0,0,0,0,0,0,0,180,13,kennel_cough,mild
1,1,0,0,0,0,0,0,0,0,0,0,1,1,0,0,0,0,0,161,1,heatstroke,emergency
1,0,0,0,0,0,0,0,0,0,0,0,0,0,0,1,0,1,1,85,183,hypothyroidism,moderate
0,1,1,1,0,0,0,0,0,0,0,0,0,0,0,1,0,0,0,18,24,intestinal_parasites,moderate
1,0,0,0,0,0,0,0,0,0,0,0,0,0,0,1,0,1,1,90,483,hypothyroidism,moderate
0,0,0,0,0,0,0,0,1,0,0,0,0,0,0,1,0,0,1,88,28,mange,moderate
0,1,1,1,0,0,0,0,0,0,0,0,0,0,0,1,0,0,0,5,8,intestinal_parasites,moderate
0,0,0,0,0,1,0,0,1,0,1,0,0,0,0,0,0,0,0,164,19,environmental_allergies,mild
1,0,0,1,0,0,0,1,0,0,0,0,0,1,1,0,0,0,0,77,12,tick_borne_disease,severe
0,0,0,0,1,0,1,0,1,0,0,0,0,0,0,0,0,0,0,19,11,kennel_cough,mild
1,0,0,0,0,0,0,1,0,0,0,0,0,0,0,0,1,0,0,51,198,obesity_related_strain,mild
1,0,0,1,0,0,0,1,0,0,0,0,0,1,0,0,0,0,0,22,16,tick_borne_disease,severe
0,1,1,1,0,0,0,0,0,0,0,0,0,0,0,0,0,0,0,84,1,gastroenteritis,moderate
1,1,0,0,0,0,0,0,0,0,0,0,1,1,0,0,0,0,0,45,1,heatstroke,emergency
1,1,0,0,0,0,0,0,0,0,0,0,1,1,0,0,0,0,0,145,1,heatstroke,emergency
0,0,0,1,0,0,0,0,0,0,0,0,0,0,0,0,0,1,0,174,687,dental_disease,mild
0,0,0,1,0,0,0,0,0,0,0,1,0,0,0,0,0,1,0,86,367,dental_disease,mild
1,0,0,0,0,0,0,1,0,0,0,1,0,0,0,0,0,0,0,186,178,osteoarthritis,moderate
1,0,0,0,0,0,0,1,1,0,0,1,0,0,0,0,0,0,0,115,892,osteoarthritis,moderate
0,0,0,0,0,1,0,0,1,0,1,0,0,0,0,0,0,0,1,152,110,environmental_allergies,mild
1,0,0,0,0,0,0,1,0,0,0,0,0,0,0,0,0,0,0,143,369,hip_dysplasia,moderate
1,0,0,0,0,0,0,0,0,0,0,0,0,1,1,0,0,0,0,104,6,urinary_tract_infection,moderate
0,1,1,1,0,0,0,0,0,0,0,0,0,0,0,0,0,0,0,162,5,gastroenteritis,moderate
1,1,0,0,0,0,0,0,0,0,0,0,1,1,0,0,0,0,0,9,1,heatstroke,emergency
1,0,0,1,0,0,0,1,0,1,0,0,0,0,0,0,0,0,0,97,11,tick_borne_disease,severe
1,0,0,1,0,0,0,1,0,0,0,0,0,1,0,0,0,0,0,181,8,tick_borne_disease,severe
0,0,0,0,0,0,0,0,0,1,0,0,0,0,0,0,0,0,0,179,5,ear_infection,mild
0,0,0,0,1,1,1,0,0,0,0,0,0,0,0,0,0,0,0,169,10,kennel_cough,mild
1,0,0,0,0,0,0,0,0,0,0,0,0,0,0,1,0,1,1,181,860,hypothyroidism,moderate
1,0,0,0,0,0,0,1,0,0,0,0,0,0,0,0,0,0,0,113,288,hip_dysplasia,moderate
1,0,1,1,0,0,0,0,0,0,0,0,0,1,0,0,0,0,0,5,1,parvovirus,emergency
0,0,0,0,1,0,1,0,0,0,0,0,0,0,0,0,0,0,0,171,3,kennel_cough,mild
0,0,0,1,0,0,0,0,0,0,0,0,1,0,0,0,0,0,0,117,165,anxiety_behavioral,mild
1,1,0,0,0,0,0,0,0,0,0,1,0,0,0,0,0,0,0,199,1,bloat_gdv,emergency
1,0,0,1,0,0,0,0,0,0,0,0,0,1,1,0,0,0,0,95,7,urinary_tract_infection,moderate
0,1,1,1,0,0,0,0,0,0,0,0,0,0,0,0,0,0,0,57,42,intestinal_parasites,moderate
0,0,0,0,0,0,0,0,1,0,0,0,0,0,0,0,0,0,0,63,4,ear_infection,mild
0,0,0,0,1,1,1,0,0,0,0,0,0,0,0,0,0,0,0,160,13,kennel_cough,mild
0,0,0,0,0,0,0,0,1,0,0,0,0,0,0,0,0,0,0,77,5,ear_infection,mild
0,0,0,0,0,0,0,0,1,1,0,0,0,0,0,0,0,0,0,136,11,ear_infection,mild
1,0,1,1,0,0,0,0,0,0,0,0,0,1,0,0,0,0,0,2,3,parvovirus,emergency
1,1,0,0,0,0,0,0,0,0,0,0,1,1,0,0,0,0,0,45,1,heatstroke,emergency
0,1,1,1,0,0,0,0,0,0,0,0,0,0,0,0,0,0,0,173,1,gastroenteritis,moderate
1,0,0,1,0,0,0,0,0,0,0,0,0,1,1,0,0,0,0,195,2,urinary_tract_infection,moderate
0,0,0,1,0,0,0,0,0,0,0,1,0,0,0,0,0,1,0,97,595,dental_disease,mild
1,1,0,0,0,0,0,0,0,0,0,1,0,0,0,0,0,0,0,99,1,bloat_gdv,emergency
0,0,0,0,0,0,1,0,1,1,0,0,0,0,0,0,0,0,0,121,13,ear_infection,mild
1,1,0,0,0,0,0,0,0,0,0,0,1,1,0,0,0,0,0,70,1,heatstroke,emergency
1,1,0,0,0,0,0,0,0,0,0,1,0,0,0,0,0,0,0,87,1,bloat_gdv,emergency
0,0,0,0,0,0,0,0,1,1,0,0,0,0,0,0,0,0,0,52,3,ear_infection,mild
0,1,0,0,0,0,0,0,0,0,0,1,0,0,0,0,0,0,0,39,1,bloat_gdv,emergency
1,1,1,1,0,0,0,0,0,0,0,0,0,1,0,0,0,0,0,3,4,parvovirus,emergency
0,0,0,1,0,0,0,0,0,0,0,1,0,0,0,0,0,1,0,130,350,dental_disease,mild
1,0,0,1,0,0,0,0,0,0,0,0,0,1,0,0,0,0,0,56,12,tick_borne_disease,severe
1,0,0,0,0,0,0,1,0,0,0,1,0,0,0,0,0,0,0,155,170,osteoarthritis,moderate
0,0,0,0,1,1,1,0,0,0,0,0,0,0,0,0,0,0,0,164,6,kennel_cough,mild
0,1,1,1,0,0,0,0,0,0,0,0,0,0,0,1,0,0,0,55,18,intestinal_parasites,moderate
1,1,0,0,0,0,0,0,0,0,0,1,0,0,0,0,0,0,0,176,1,bloat_gdv,emergency
1,0,0,1,0,0,0,0,0,0,0,0,0,1,0,0,0,0,0,104,17,tick_borne_disease,severe
0,0,0,0,0,0,0,0,1,1,0,0,0,0,0,1,0,0,0,127,3,ear_infection,mild
0,0,0,0,0,1,0,0,1,0,1,1,0,0,0,0,0,0,0,61,103,environmental_allergies,mild
1,0,0,0,0,0,0,0,0,0,0,1,0,0,0,0,0,0,0,135,776,osteoarthritis,moderate
0,1,1,1,0,0,0,0,0,0,0,0,0,0,0,0,0,0,0,174,5,gastroenteritis,moderate
1,0,0,0,0,0,0,0,0,0,0,0,0,0,0,1,0,1,1,187,444,hypothyroidism,moderate
1,1,0,0,0,0,0,0,0,0,0,0,1,1,0,0,0,0,0,43,1,heatstroke,emergency
1,0,0,0,0,0,0,1,0,0,0,0,0,0,0,0,0,0,0,144,83,hip_dysplasia,moderate
0,0,0,1,0,0,0,0,0,0,0,1,0,0,0,0,0,1,0,183,642,dental_disease,mild
1,0,0,0,0,0,0,1,0,0,0,1,0,0,0,0,0,0,0,97,867,osteoarthritis,moderate
1,0,0,1,0,0,0,0,0,0,0,0,0,0,0,0,0,0,0,160,51,anxiety_behavioral,mild
0,1,1,1,0,0,0,0,0,0,0,0,0,0,0,1,0,0,0,55,27,intestinal_parasites,moderate
1,1,0,0,0,0,0,0,0,0,0,0,0,0,0,0,0,0,0,133,1,bloat_gdv,emergency
1,1,1,0,0,0,0,0,0,0,0,0,0,1,0,0,0,0,0,2,3,parvovirus,emergency
0,0,0,1,0,0,0,0,0,0,0,1,0,0,0,0,0,1,0,99,501,dental_disease,mild
1,0,0,0,0,0,0,1,0,0,0,0,0,0,0,0,0,0,0,104,536,hip_dysplasia,moderate
0,0,0,0,0,0,0,0,1,0,0,0,1,0,0,0,0,0,1,83,15,mange,moderate
0,0,0,0,1,1,1,0,0,0,0,0,0,0,0,0,0,0,0,126,4,kennel_cough,mild
0,0,0,0,0,0,0,0,1,0,1,0,0,0,0,0,0,0,0,103,5,conjunctivitis,mild
1,1,0,0,0,0,0,0,0,0,0,0,1,1,0,0,0,0,0,138,1,heatstroke,emergency
1,0,0,0,0,0,0,0,0,0,0,0,0,0,0,0,1,0,0,122,72,obesity_related_strain,mild
1,1,1,1,0,0,0,0,0,0,0,0,0,1,0,0,0,0,0,3,4,parvovirus,emergency
1,0,0,1,0,0,0,0,0,0,0,0,0,1,1,0,0,0,0,198,9,urinary_tract_infection,moderate
1,0,0,1,0,0,0,0,0,0,0,0,0,1,1,0,0,0,0,112,2,urinary_tract_infection,moderate
1,0,0,1,0,1,0,1,0,0,0,0,0,1,0,0,0,0,0,40,20,tick_borne_disease,severe
0,0,0,0,1,1,1,0,0,0,0,0,0,0,0,0,0,0,0,5,3,kennel_cough,mild
0,0,0,1,0,0,0,0,0,0,0,0,0,1,1,0,0,0,0,155,4,urinary_tract_infection,moderate
0,1,1,1,0,0,0,0,0,0,0,0,0,0,0,1,0,0,0,51,52,intestinal_parasites,moderate
1,0,0,0,0,0,0,1,0,0,0,1,0,0,0,0,0,0,0,92,865,osteoarthritis,moderate
1,0,0,1,0,0,0,1,0,0,0,0,0,1,0,0,0,0,0,33,4,tick_borne_disease,severe
0,0,0,0,0,0,0,0,1,0,1,0,0,0,0,0,0,0,0,172,7,conjunctivitis,mild
1,0,0,1,0,0,0,0,0,0,0,0,0,1,1,0,0,0,0,195,10,urinary_tract_infection,moderate
1,0,0,0,0,0,0,1,0,0,0,0,0,0,0,0,1,0,0,134,885,obesity_related_strain,mild
1,1,1,1,0,0,0,0,0,0,0,0,0,0,0,0,0,0,0,7,2,parvovirus,emergency
1,0,0,0,0,0,0,0,0,0,0,0,0,0,0,0,0,0,0,141,53,anxiety_behavioral,mild
1,0,0,1,0,0,0,0,0,0,0,0,0,1,0,0,0,0,0,108,8,tick_borne_disease,severe
0,0,0,0,0,1,1,0,0,0,0,0,0,0,0,0,0,0,0,47,8,kennel_cough,mild
0,0,0,0,0,1,1,0,0,0,0,0,0,0,0,0,0,0,0,147,5,kennel_cough,mild
1,0,0,0,0,0,0,0,0,0,0,0,0,0,0,1,0,1,1,68,464,hypothyroidism,moderate
0,1,1,1,0,0,0,0,0,0,0,0,0,0,0,1,0,0,0,20,36,intestinal_parasites,moderate
1,1,0,0,0,0,0,0,0,0,0,1,0,0,0,0,0,0,0,100,1,bloat_gdv,emergency
0,1,1,1,0,0,0,0,0,0,0,0,0,0,0,0,0,0,0,110,1,gastroenteritis,moderate
1,0,0,1,0,0,0,0,0,0,0,0,0,0,0,0,0,0,0,164,144,anxiety_behavioral,mild
0,1,1,1,0,0,0,0,0,0,0,0,0,0,0,1,0,0,0,28,57,intestinal_parasites,moderate
0,1,1,1,0,0,0,0,0,0,0,0,0,0,0,0,0,0,0,113,1,gastroenteritis,moderate
1,1,0,0,0,0,0,0,0,0,0,0,1,1,0,0,0,0,0,197,1,heatstroke,emergency
1,0,0,1,0,0,0,0,0,0,0,0,0,0,0,0,0,0,0,37,154,anxiety_behavioral,mild
1,0,0,1,0,0,0,0,0,0,0,0,0,0,1,0,0,0,0,76,2,urinary_tract_infection,moderate
1,0,0,1,0,0,0,0,0,0,0,0,0,1,1,0,0,0,0,105,8,urinary_tract_infection,moderate
1,1,0,0,0,0,0,0,0,0,0,0,1,1,0,0,0,0,0,98,1,heatstroke,emergency
0,0,0,1,0,0,0,0,1,0,0,1,0,0,0,0,0,1,0,36,804,dental_disease,mild
0,0,0,0,0,0,0,0,1,1,0,0,0,0,0,0,0,0,0,158,13,ear_infection,mild
1,0,0,0,0,0,0,1,0,0,0,0,0,0,0,0,1,0,0,32,155,obesity_related_strain,mild
1,0,0,1,0,0,0,1,0,0,0,0,0,1,0,0,0,0,0,131,20,tick_borne_disease,severe
0,0,0,0,0,0,0,0,1,1,0,0,0,0,0,0,0,0,0,125,6,ear_infection,mild
1,0,0,0,0,0,0,1,0,0,0,1,0,0,0,1,0,0,0,63,330,osteoarthritis,moderate
0,0,0,1,0,0,0,1,0,0,0,1,0,0,0,0,0,1,0,66,794,dental_disease,mild
0,0,0,0,0,0,0,0,1,0,0,0,0,0,0,0,0,0,1,52,55,mange,moderate
0,0,0,0,1,1,1,0,0,0,0,0,0,0,0,0,0,0,0,15,3,kennel_cough,mild
1,0,0,0,0,0,0,0,0,0,0,0,0,0,0,1,0,1,1,84,399,hypothyroidism,moderate
1,1,0,0,0,0,0,0,0,0,0,0,1,1,0,0,0,0,0,164,1,heatstroke,emergency
1,0,0,0,0,0,0,1,0,0,0,0,0,0,0,0,0,0,0,49,704,hip_dysplasia,moderate
1,0,0,0,0,0,0,1,0,0,0,0,0,0,0,0,0,0,0,127,490,hip_dysplasia,moderate
0,1,0,0,0,0,0,0,0,0,0,0,1,1,0,0,0,0,0,149,1,heatstroke,emergency
1,0,0,0,0,0,0,1,0,0,0,0,0,0,0,0,0,0,0,33,640,hip_dysplasia,moderate
1,1,0,0,0,0,0,0,0,0,0,1,0,0,0,0,0,0,0,24,1,bloat_gdv,emergency
0,0,0,0,1,1,1,0,0,0,0,0,0,0,0,0,0,0,0,166,10,kennel_cough,mild
1,1,0,0,1,0,0,0,0,0,0,0,1,1,0,0,0,0,0,184,1,heatstroke,emergency
0,1,1,1,0,0,0,0,0,0,0,0,0,0,0,1,0,0,0,32,29,intestinal_parasites,moderate
0,1,1,1,0,0,0,0,0,0,0,0,0,0,1,1,0,0,0,23,43,intestinal_parasites,moderate
0,0,0,0,0,0,0,0,1,0,0,0,0,0,0,1,0,0,1,97,24,mange,moderate
0,0,0,1,0,0,0,0,0,0,0,1,0,0,0,0,0,1,0,64,62,dental_disease,mild
0,0,0,0,0,0,0,1,1,0,0,0,0,0,0,1,0,0,1,104,80,mange,moderate
1,1,1,1,0,0,0,0,0,0,0,0,0,1,0,0,0,0,0,5,1,parvovirus,emergency
1,0,0,1,0,0,0,0,0,0,0,0,0,1,1,0,0,0,1,31,7,urinary_tract_infection,moderate
1,1,1,1,0,0,0,0,0,0,0,0,0,1,0,0,0,0,0,11,4,parvovirus,emergency
1,1,0,1,0,0,0,0,0,0,0,0,0,1,0,0,0,0,0,9,2,parvovirus,emergency
0,0,0,0,0,0,0,0,1,0,0,0,0,0,0,0,0,0,0,180,4,ear_infection,mild
0,0,0,0,0,0,0,0,1,0,0,0,0,1,0,1,0,0,1,110,53,mange,moderate
0,0,0,0,0,0,0,0,1,0,1,0,0,0,0,0,0,0,0,96,9,conjunctivitis,mild
1,0,0,0,0,0,0,0,0,0,0,1,0,0,0,0,0,0,0,46,1,bloat_gdv,emergency
0,0,0,0,0,0,0,0,1,0,0,0,0,0,0,0,0,0,0,21,4,ear_infection,mild
0,0,0,1,0,0,0,0,0,0,0,1,0,0,0,0,0,1,0,200,787,dental_disease,mild
1,0,0,0,0,0,0,1,0,0,0,0,0,0,0,0,1,0,0,97,77,obesity_related_strain,mild
0,0,0,0,0,0,0,0,1,0,0,0,0,0,0,0,0,0,0,69,12,ear_infection,mild
1,0,0,0,0,0,0,1,0,0,0,0,1,0,0,0,1,0,0,28,272,obesity_related_strain,mild
1,0,0,1,0,0,0,0,0,0,0,0,0,0,0,0,0,0,0,31,12,anxiety_behavioral,mild
1,0,0,0,0,0,0,1,0,0,0,1,0,0,0,0,0,0,0,166,730,osteoarthritis,moderate
1,0,0,1,0,0,0,1,0,0,0,0,0,0,0,0,0,1,0,129,20,tick_borne_disease,severe
0,0,0,1,0,0,0,0,0,0,0,1,0,0,0,0,0,1,0,171,167,dental_disease,mild
1,1,1,1,0,0,0,0,0,0,0,0,0,1,0,0,0,0,0,12,2,parvovirus,emergency
1,1,1,1,0,0,0,1,0,0,0,0,0,1,0,0,0,0,0,12,4,parvovirus,emergency
0,0,0,0,0,0,0,0,1,0,1,0,0,0,0,0,0,0,0,70,8,conjunctivitis,mild
1,0,0,0,0,0,0,1,0,0,0,1,0,0,0,0,0,0,0,198,489,osteoarthritis,moderate
1,0,0,1,0,0,0,1,0,0,0,0,0,1,0,0,0,0,0,141,18,tick_borne_disease,severe
1,0,0,1,0,0,0,1,0,0,0,0,0,1,0,0,0,0,0,53,6,tick_borne_disease,severe
1,0,0,1,0,0,0,0,0,0,0,0,0,1,1,0,0,0,0,195,10,urinary_tract_infection,moderate
1,1,0,0,0,0,0,0,0,0,0,1,0,0,0,0,0,0,0,161,1,bloat_gdv,emergency
1,0,0,0,0,0,0,1,0,0,0,0,0,0,0,0,1,0,0,108,639,obesity_related_strain,mild
0,0,0,0,0,0,0,0,1,0,0,0,0,0,0,0,0,0,0,10,9,conjunctivitis,mild
0,0,0,0,0,0,0,0,1,0,1,0,0,0,0,0,0,0,0,26,4,conjunctivitis,mild
1,0,0,1,0,0,0,0,0,1,0,0,0,1,1,0,0,0,0,121,2,urinary_tract_infection,moderate
1,0,0,0,0,0,0,0,0,0,0,0,0,0,0,1,0,1,1,129,231,hypothyroidism,moderate
1,1,1,1,0,0,0,0,0,0,0,0,0,1,0,0,0,0,0,11,3,parvovirus,emergency
1,0,0,0,0,0,0,1,0,0,0,1,0,0,0,0,0,0,0,127,658,osteoarthritis,moderate
1,1,1,1,0,0,0,0,0,0,0,0,0,1,0,0,0,0,0,4,4,parvovirus,emergency
0,1,1,1,0,0,0,0,0,0,0,0,0,0,0,0,0,0,0,126,5,gastroenteritis,moderate
1,0,0,0,0,0,0,1,0,0,0,0,0,0,0,0,1,0,0,145,117,obesity_related_strain,mild
1,0,0,0,0,0,0,0,0,0,0,0,0,0,0,1,0,0,1,33,19,mange,moderate
1,0,0,0,0,0,0,0,0,0,0,0,0,0,0,1,0,1,0,167,329,hypothyroidism,moderate
0,0,0,1,0,0,0,0,0,0,0,1,0,0,0,0,0,1,0,101,811,dental_disease,mild
1,0,0,1,0,0,0,0,0,0,0,0,0,1,1,0,0,0,0,93,9,urinary_tract_infection,moderate
0,0,0,0,0,0,0,0,1,0,0,0,0,0,0,1,0,0,0,42,30,mange,moderate
0,1,1,1,0,0,0,0,0,0,0,0,0,0,0,0,1,0,0,25,2,gastroenteritis,moderate
1,0,0,0,0,0,0,1,0,0,0,1,0,0,0,0,0,0,0,133,854,osteoarthritis,moderate
1,0,0,0,0,0,0,1,0,0,0,0,0,0,0,0,0,0,0,86,476,hip_dysplasia,moderate
1,0,0,1,0,0,0,0,0,0,0,0,0,1,0,0,0,0,0,117,17,tick_borne_disease,severe
0,1,1,1,0,0,0,0,0,0,0,0,0,0,0,1,0,0,0,11,13,intestinal_parasites,moderate
0,0,0,1,0,0,0,0,0,0,0,1,0,0,1,0,0,1,0,83,802,dental_disease,mild
0,1,0,0,0,1,0,0,1,0,1,0,0,0,0,0,0,0,0,101,40,environmental_allergies,mild
0,1,1,0,0,0,0,0,0,0,0,0,0,0,0,0,0,0,0,154,5,gastroenteritis,moderate
0,0,0,0,0,0,0,0,1,0,1,0,0,0,0,0,0,0,0,89,2,conjunctivitis,mild
0,0,0,1,0,0,0,0,0,0,0,1,0,0,0,0,0,1,0,126,203,dental_disease,mild
0,0,0,0,0,0,0,0,1,1,0,0,0,0,0,0,0,0,0,56,7,ear_infection,mild
0,0,0,0,1,1,1,0,0,0,0,0,0,0,0,0,0,0,0,13,2,kennel_cough,mild
1,1,0,0,0,0,0,0,0,0,0,1,0,0,0,0,0,0,0,161,1,bloat_gdv,emergency
0,0,0,0,0,0,0,0,1,0,0,0,0,0,0,1,0,1,1,83,90,mange,moderate
0,0,0,0,0,1,0,0,1,0,1,0,0,0,0,0,0,0,1,89,104,environmental_allergies,mild
0,0,0,0,1,1,1,0,0,0,0,0,0,0,0,0,0,0,0,141,13,kennel_cough,mild
0,0,0,1,0,0,0,0,0,0,0,1,0,0,0,0,0,0,0,59,578,dental_disease,mild
0,1,1,1,0,0,0,0,0,0,1,0,0,0,0,0,0,0,0,174,5,gastroenteritis,moderate
0,0,0,0,0,1,0,0,1,0,1,0,0,0,0,0,0,0,1,98,138,environmental_allergies,mild
1,0,0,0,0,0,0,1,0,0,0,1,0,0,0,0,0,0,0,72,680,osteoarthritis,moderate
0,0,0,0,0,1,1,0,0,0,0,0,0,0,0,0,0,0,0,73,3,kennel_cough,mild
0,0,0,0,0,1,0,0,1,0,0,0,0,0,0,1,0,0,1,17,15,mange,moderate
1,0,0,0,0,0,0,1,0,0,0,0,0,0,0,0,0,0,0,91,357,hip_dysplasia,moderate
1,0,0,0,0,0,0,1,0,0,0,0,0,0,0,0,0,0,0,130,59,hip_dysplasia,moderate
0,0,0,0,0,0,0,0,1,0,1,0,0,0,0,0,0,0,0,36,4,conjunctivitis,mild
0,0,0,0,0,1,0,0,1,0,1,0,0,0,0,0,0,0,1,33,96,environmental_allergies,mild
1,0,0,0,0,0,0,1,0,0,0,1,0,0,0,0,0,0,0,150,284,osteoarthritis,moderate
1,1,1,1,0,0,0,0,1,0,0,0,0,1,0,0,0,0,0,5,2,parvovirus,emergency
1,0,0,0,0,0,0,0,0,0,0,0,0,0,0,1,0,1,1,176,644,hypothyroidism,moderate
1,0,0,1,0,0,0,1,0,0,0,0,0,1,0,0,0,0,0,10,7,tick_borne_disease,severe
0,0,0,0,0,0,0,0,1,0,0,0,0,0,0,1,0,0,1,100,39,mange,moderate
0,0,0,1,0,0,0,0,0,0,0,0,0,0,0,0,0,1,0,163,593,dental_disease,mild
0,0,0,0,0,1,0,0,1,0,1,0,0,0,0,0,0,0,1,122,136,environmental_allergies,mild
0,0,0,0,0,0,0,0,0,0,1,0,0,0,0,0,0,0,0,131,9,conjunctivitis,mild
1,0,0,0,0,0,0,1,0,0,0,0,0,0,0,0,0,0,0,118,109,hip_dysplasia,moderate
1,0,0,0,0,0,0,1,0,0,0,0,0,0,0,0,0,0,0,121,569,osteoarthritis,moderate
1,0,0,0,0,0,0,1,0,0,0,0,0,0,0,0,1,0,0,47,65,obesity_related_strain,mild
1,1,0,0,0,0,0,0,0,0,0,0,1,1,0,0,0,0,0,7,1,heatstroke,emergency
1,0,0,0,0,0,0,0,0,0,0,0,0,0,0,0,0,0,0,132,139,anxiety_behavioral,mild
0,0,0,0,0,1,0,0,1,0,1,0,0,0,0,0,0,0,1,115,34,environmental_allergies,mild
1,0,0,1,0,0,0,0,0,0,0,0,0,1,0,0,0,0,0,160,4,urinary_tract_infection,moderate
1,0,0,0,0,0,0,0,0,0,0,0,0,0,0,1,0,0,1,145,438,hypothyroidism,moderate
0,0,0,0,0,0,0,0,0,1,0,0,0,0,0,0,0,0,0,19,10,ear_infection,mild
1,0,0,0,0,0,0,1,0,0,0,0,0,0,0,0,1,0,0,109,695,obesity_related_strain,mild
0,0,0,1,0,0,0,0,0,0,0,1,0,0,0,0,0,1,0,117,743,dental_disease,mild
0,1,1,1,0,0,0,0,0,0,0,0,0,0,0,1,0,0,0,47,32,intestinal_parasites,moderate
1,0,0,1,0,0,0,0,0,0,0,0,0,0,0,0,0,0,0,188,125,anxiety_behavioral,mild
1,0,0,1,0,0,0,1,0,0,0,0,0,1,0,0,0,0,0,19,14,tick_borne_disease,severe
0,1,0,0,0,0,0,1,0,0,0,1,0,0,0,0,0,0,0,93,75,osteoarthritis,moderate
1,0,0,0,0,0,0,1,0,0,0,0,0,0,0,0,1,0,0,93,164,obesity_related_strain,mild
0,0,0,0,0,1,0,0,1,0,0,0,0,0,0,0,0,0,1,177,97,environmental_allergies,mild
0,0,0,0,0,1,0,0,1,0,1,0,0,0,0,0,0,0,1,35,110,environmental_allergies,mild
0,0,0,0,0,0,0,0,1,0,1,0,0,0,0,0,0,0,0,195,2,conjunctivitis,mild
0,0,0,1,1,1,1,0,0,0,0,0,0,0,0,0,0,0,0,17,8,kennel_cough,mild
1,0,0,1,0,0,0,0,0,0,0,0,0,1,1,0,0,0,0,134,10,urinary_tract_infection,moderate
1,0,0,1,0,0,0,0,0,0,0,0,0,1,0,0,0,0,0,166,8,tick_borne_disease,severe
0,0,0,1,0,0,0,0,0,0,0,1,0,0,0,0,0,1,0,156,809,dental_disease,mild
1,0,0,0,0,0,0,1,0,0,0,1,0,0,0,0,0,0,0,108,185,osteoarthritis,moderate
0,0,1,1,0,0,0,0,0,0,0,0,0,0,0,0,0,0,0,142,1,gastroenteritis,moderate
1,0,0,0,0,0,0,0,0,0,0,0,0,0,0,1,0,1,1,85,640,hypothyroidism,moderate
0,0,0,0,0,0,0,0,1,0,0,0,0,0,0,1,0,0,1,55,60,mange,moderate
1,0,0,0,0,0,0,1,0,0,0,0,0,0,0,0,0,0,0,122,454,hip_dysplasia,moderate
0,0,0,0,1,1,1,0,0,0,0,0,0,0,0,0,0,0,0,137,4,kennel_cough,mild
1,0,0,1,0,0,0,0,0,0,0,0,0,0,0,0,0,0,0,8,130,anxiety_behavioral,mild
0,1,0,0,0,0,0,0,0,0,0,0,1,1,0,1,0,0,0,30,1,heatstroke,emergency
1,0,0,0,0,0,0,0,0,0,0,0,0,0,0,0,0,0,0,103,208,hip_dysplasia,moderate
1,1,0,0,0,0,0,0,0,0,0,0,0,0,0,0,0,0,0,119,1,bloat_gdv,emergency
0,0,1,1,0,0,0,0,0,1,0,0,0,0,0,1,0,0,0,55,35,intestinal_parasites,moderate
1,0,0,1,0,0,0,0,0,0,0,0,0,0,0,0,0,0,0,102,100,anxiety_behavioral,mild
1,0,0,0,0,0,0,0,0,0,0,0,0,0,0,1,0,1,1,198,292,hypothyroidism,moderate
0,0,0,0,0,0,0,0,0,1,0,0,0,0,0,0,0,0,0,122,6,ear_infection,mild
0,0,0,0,0,1,0,0,1,0,1,0,0,0,0,0,0,0,1,159,21,environmental_allergies,mild
1,1,0,0,0,0,0,0,0,0,0,0,1,1,0,0,0,0,0,132,1,heatstroke,emergency
0,0,0,1,0,0,0,0,0,0,0,1,0,0,0,0,0,1,0,174,166,dental_disease,mild
1,1,0,0,0,0,0,0,0,0,0,0,0,0,0,1,0,1,1,129,327,hypothyroidism,moderate
0,0,0,0,0,0,0,0,1,1,0,0,0,0,0,0,0,0,0,70,7,ear_infection,mild
1,0,0,0,0,0,0,1,0,0,0,0,0,0,0,0,0,0,0,160,255,hip_dysplasia,moderate
0,0,0,0,0,0,0,0,1,0,0,0,0,0,0,0,0,0,0,54,2,conjunctivitis,mild
0,0,0,0,0,0,0,0,1,0,0,0,0,0,0,1,0,0,1,41,55,mange,moderate
0,1,1,1,0,0,0,0,0,0,0,0,0,0,0,0,0,0,0,121,3,gastroenteritis,moderate
0,0,0,0,0,0,0,0,1,0,0,0,0,0,0,1,0,0,1,21,49,mange,moderate
0,0,0,0,1,1,1,0,0,0,0,0,0,0,0,0,0,0,0,27,2,kennel_cough,mild
1,0,0,0,0,0,0,1,0,0,0,0,0,0,0,0,1,0,0,44,442,obesity_related_strain,mild
1,0,0,0,0,0,0,0,0,0,0,0,0,0,0,1,0,1,1,169,646,hypothyroidism,moderate
1,0,0,0,0,0,0,0,0,0,0,0,0,0,0,1,0,1,0,60,455,hypothyroidism,moderate
1,0,0,1,0,0,0,0,0,0,0,0,0,1,1,0,0,0,0,170,7,urinary_tract_infection,moderate
0,0,0,1,0,0,0,0,0,0,0,0,0,1,1,0,0,0,0,137,4,urinary_tract_infection,moderate
0,0,1,1,0,0,0,0,0,0,0,0,0,0,0,1,0,0,0,53,57,intestinal_parasites,moderate
0,0,0,0,0,0,0,0,1,1,0,0,0,0,0,0,0,0,0,177,11,ear_infection,mild
1,0,0,0,0,0,0,1,0,0,0,0,0,1,0,0,0,0,0,190,13,tick_borne_disease,severe
0,0,0,0,0,0,0,0,1,1,0,0,0,0,0,0,0,0,0,64,3,ear_infection,mild
1,0,0,1,0,0,0,1,0,0,0,0,0,1,0,0,0,0,0,33,9,tick_borne_disease,severe
1,0,0,0,0,0,0,1,0,0,0,0,0,0,0,0,0,0,0,65,111,osteoarthritis,moderate
1,0,0,1,0,0,0,0,0,0,0,0,0,1,1,0,0,0,0,154,9,urinary_tract_infection,moderate
1,1,1,1,0,0,0,0,0,0,0,0,0,1,0,0,0,0,0,12,4,parvovirus,emergency
0,0,0,0,1,0,0,0,1,1,0,0,0,0,0,0,0,0,0,146,6,ear_infection,mild
0,0,0,0,0,0,0,0,1,0,1,0,0,0,0,0,0,0,0,97,4,conjunctivitis,mild
0,0,0,0,0,1,0,0,1,0,1,0,0,0,0,0,0,0,1,28,118,environmental_allergies,mild
1,0,0,1,0,0,0,1,0,0,0,0,0,1,0,0,0,0,0,137,14,tick_borne_disease,severe
0,1,1,1,0,0,0,0,0,0,0,0,0,0,0,1,0,0,0,32,41,intestinal_parasites,moderate
1,1,1,1,0,0,0,0,0,0,0,0,0,1,0,0,0,0,0,7,2,parvovirus,emergency
1,1,0,0,0,0,0,0,0,0,0,0,1,1,0,0,0,0,0,43,1,heatstroke,emergency
1,1,0,0,0,0,0,0,0,0,0,0,1,1,0,0,0,0,0,134,1,heatstroke,emergency
0,0,0,0,0,0,0,0,1,0,1,0,0,0,0,0,0,0,1,41,72,environmental_allergies,mild
1,0,0,1,0,0,0,0,0,0,0,0,0,1,1,0,0,0,1,62,9,urinary_tract_infection,moderate
1,1,1,1,0,0,0,0,0,0,0,0,0,1,0,0,0,0,0,10,3,parvovirus,emergency
1,0,0,1,0,0,0,0,0,0,0,0,0,0,0,0,0,0,0,58,121,anxiety_behavioral,mild
0,0,0,0,0,0,0,0,1,1,0,0,0,0,0,0,0,0,0,114,7,ear_infection,mild
1,1,1,1,0,0,0,0,0,0,0,0,0,1,0,0,0,0,0,12,3,parvovirus,emergency
0,0,0,0,0,0,0,0,1,1,0,0,0,0,0,0,0,0,0,152,8,ear_infection,mild
1,0,0,0,0,0,0,1,0,0,0,1,0,0,0,0,0,0,0,135,824,osteoarthritis,moderate
0,0,0,0,0,1,0,0,1,0,1,0,0,0,0,0,0,0,1,151,159,environmental_allergies,mild
0,0,0,0,0,0,0,0,0,0,0,0,0,0,0,1,0,0,1,97,64,mange,moderate
1,0,0,0,0,0,0,0,0,0,0,0,1,1,0,0,0,0,0,42,1,heatstroke,emergency
0,0,0,0,0,0,0,0,1,0,1,0,0,0,0,0,0,0,0,37,5,conjunctivitis,mild
0,0,0,0,0,1,0,0,1,0,1,0,0,0,0,0,0,0,1,62,164,environmental_allergies,mild
1,0,0,1,0,0,0,0,0,0,0,0,0,0,0,0,0,0,0,139,54,anxiety_behavioral,mild
0,0,0,0,0,0,0,0,1,1,0,0,0,0,0,0,0,0,0,154,13,ear_infection,mild
1,0,0,0,0,0,0,1,0,0,0,0,0,0,0,0,0,0,0,109,199,hip_dysplasia,moderate
1,1,0,0,0,0,0,0,0,0,0,0,1,1,0,0,0,0,0,186,1,heatstroke,emergency
0,0,0,0,0,0,0,1,0,0,0,0,0,0,0,0,1,0,0,167,308,obesity_related_strain,mild
0,0,0,1,0,0,0,0,0,0,0,0,0,1,1,0,0,0,0,81,3,urinary_tract_infection,moderate
1,1,0,0,0,0,0,0,0,0,0,0,1,1,0,0,0,0,0,100,1,heatstroke,emergency
0,0,0,0,0,1,0,0,1,0,1,0,0,0,0,0,0,0,1,79,160,environmental_allergies,mild
1,0,0,0,0,0,0,1,0,0,0,0,0,0,0,0,0,0,0,115,591,hip_dysplasia,moderate
1,0,0,0,0,0,0,0,0,0,0,0,0,0,0,0,0,1,1,169,178,hypothyroidism,moderate
0,0,0,0,0,0,0,0,1,0,0,0,0,0,0,1,0,0,0,157,11,ear_infection,mild
1,0,0,1,0,0,0,0,0,0,0,0,0,1,1,0,0,0,0,163,2,urinary_tract_infection,moderate
1,1,0,0,0,0,0,0,0,0,0,0,0,0,0,0,0,0,0,198,1,bloat_gdv,emergency
0,0,0,0,0,1,1,0,0,0,0,0,0,0,0,0,0,0,0,150,13,kennel_cough,mild
1,0,0,0,0,0,0,1,0,0,0,0,0,0,0,0,0,0,0,95,616,obesity_related_strain,mild
0,1,1,0,0,0,0,0,0,0,0,0,0,0,0,0,0,0,0,177,3,gastroenteritis,moderate
0,0,0,0,0,1,0,0,1,0,1,0,0,0,0,0,0,0,1,61,117,environmental_allergies,mild
1,1,1,1,0,0,0,0,0,0,0,0,0,1,0,0,0,0,0,8,3,parvovirus,emergency
1,0,0,0,0,0,0,1,0,0,0,0,0,0,0,0,0,0,0,165,576,hip_dysplasia,moderate
1,0,0,1,0,0,0,0,0,0,0,0,0,1,1,0,0,0,0,44,9,urinary_tract_infection,moderate
1,0,0,0,0,0,0,1,0,0,0,0,0,0,0,0,0,1,0,154,746,osteoarthritis,moderate
1,0,0,0,0,0,0,1,0,0,0,0,0,0,0,1,1,0,0,27,77,obesity_related_strain,mild
1,1,0,0,0,0,0,0,0,0,0,1,0,0,0,0,0,1,0,93,1,bloat_gdv,emergency
1,0,0,1,0,0,0,0,0,0,0,0,0,0,0,0,0,0,0,175,157,anxiety_behavioral,mild
1,1,0,0,0,0,0,0,0,0,0,0,0,0,0,0,0,0,0,109,1,bloat_gdv,emergency
1,0,0,0,0,0,0,0,0,0,0,0,0,0,0,1,0,0,1,195,726,hypothyroidism,moderate
0,1,1,1,0,0,0,0,0,0,0,0,0,0,0,0,0,0,0,134,4,gastroenteritis,moderate
0,0,0,0,0,0,0,1,0,0,0,0,0,0,0,0,0,0,0,76,563,hip_dysplasia,moderate
0,0,0,1,0,0,0,0,0,0,0,1,0,0,0,0,0,1,0,179,252,dental_disease,mild
0,0,0,0,1,0,0,0,0,0,0,0,0,0,0,1,0,0,1,32,51,mange,moderate
0,0,0,1,0,0,0,0,0,0,0,1,0,0,0,0,0,1,0,96,339,dental_disease,mild
1,0,0,0,0,0,0,1,0,0,0,0,0,0,0,0,0,0,0,104,620,hip_dysplasia,moderate
0,0,1,1,0,0,0,0,0,0,0,0,0,0,0,0,0,0,0,118,1,gastroenteritis,moderate
0,0,0,0,0,1,0,0,1,0,1,0,0,0,0,0,0,0,1,75,62,environmental_allergies,mild
1,0,0,1,0,0,0,0,0,0,0,0,0,0,0,0,0,0,0,78,164,anxiety_behavioral,mild
1,0,0,1,0,0,0,0,0,0,0,0,0,0,0,0,0,0,0,103,88,anxiety_behavioral,mild
1,0,0,1,0,0,0,0,0,0,0,0,0,0,0,0,0,0,0,151,109,anxiety_behavioral,mild
1,0,0,0,0,0,0,0,0,0,0,0,0,0,0,1,0,1,1,139,288,hypothyroidism,moderate
1,0,0,1,0,0,0,0,0,0,0,0,0,0,0,0,0,0,0,152,36,anxiety_behavioral,mild
0,0,0,0,0,0,0,0,1,0,0,0,0,0,0,1,0,0,1,83,64,mange,moderate
1,0,0,0,0,0,0,1,0,0,0,0,0,0,0,0,0,0,0,88,894,obesity_related_strain,mild
1,1,1,1,0,0,0,0,0,0,0,0,0,1,0,0,0,0,0,4,2,parvovirus,emergency
1,0,0,0,0,0,0,0,0,0,0,0,0,0,0,0,0,1,1,86,830,hypothyroidism,moderate
0,0,0,0,1,1,0,0,0,0,0,0,0,0,0,0,0,0,0,107,9,kennel_cough,mild
0,1,1,1,0,0,0,0,0,0,1,0,0,0,0,1,0,0,0,4,17,intestinal_parasites,moderate
0,0,0,0,0,0,0,0,1,1,0,0,0,0,0,0,0,0,0,116,14,ear_infection,mild
1,0,0,1,0,0,0,0,0,0,0,0,0,0,0,0,0,0,0,175,49,anxiety_behavioral,mild
0,0,0,0,0,0,0,0,1,1,0,0,0,0,0,0,0,0,0,20,11,ear_infection,mild
1,1,1,1,0,0,0,0,0,0,0,0,0,1,0,0,0,0,0,2,2,parvovirus,emergency
0,0,0,1,0,0,0,0,0,0,0,1,0,0,0,0,0,1,0,124,688,dental_disease,mild
0,0,0,0,1,0,1,0,0,0,0,0,0,0,0,0,0,0,0,110,4,kennel_cough,mild
0,0,0,0,0,0,0,0,0,0,0,0,0,0,0,1,0,1,1,159,220,hypothyroidism,moderate
0,0,0,1,0,0,0,0,0,0,0,1,0,0,0,0,1,1,0,50,605,dental_disease,mild
1,0,0,0,0,0,0,1,0,0,0,0,0,0,0,0,1,0,0,71,756,obesity_related_strain,mild
1,1,0,0,0,0,0,0,0,0,0,1,0,0,0,0,0,0,0,58,1,bloat_gdv,emergency
0,0,0,0,0,1,0,0,1,0,1,0,0,0,0,0,0,0,1,45,128,environmental_allergies,mild
0,0,0,0,0,0,0,1,0,0,0,0,0,0,0,0,1,0,0,182,713,obesity_related_strain,mild
1,0,0,0,0,0,0,0,0,0,0,1,0,0,0,0,0,0,0,71,392,osteoarthritis,moderate
1,1,1,1,0,0,0,0,0,0,0,0,0,1,0,0,0,0,0,2,1,parvovirus,emergency
0,0,0,0,0,0,0,0,1,0,1,0,0,0,0,0,0,0,0,57,8,conjunctivitis,mild
1,1,0,0,0,0,0,0,0,0,0,0,1,1,0,0,0,0,0,78,1,heatstroke,emergency
0,0,0,1,0,0,0,1,0,0,0,0,0,1,0,0,0,0,0,76,16,tick_borne_disease,severe
1,0,0,0,0,0,0,1,0,0,0,1,0,0,0,0,0,1,0,125,530,osteoarthritis,moderate
1,1,1,1,0,0,0,0,0,0,0,0,0,1,0,0,0,0,0,5,2,parvovirus,emergency
1,0,0,0,0,0,0,0,0,0,0,0,0,0,0,1,0,1,1,163,135,hypothyroidism,moderate
0,0,0,1,0,1,0,1,0,0,0,0,0,1,0,0,0,0,0,12,13,tick_borne_disease,severe
1,1,0,0,0,0,0,0,0,0,0,1,0,0,0,0,0,0,0,158,1,bloat_gdv,emergency
1,0,0,1,0,0,0,0,0,0,0,0,0,0,0,1,0,1,1,144,224,hypothyroidism,moderate
0,0,0,0,0,0,0,0,1,0,0,0,0,0,0,1,0,0,1,22,77,mange,moderate
1,0,0,1,0,0,0,0,0,0,0,0,0,0,0,0,0,0,0,94,144,anxiety_behavioral,mild
0,1,1,1,0,0,0,0,0,0,0,0,0,0,0,0,0,0,0,179,4,gastroenteritis,moderate
0,0,0,0,0,0,0,0,1,0,0,0,0,0,0,1,0,0,0,113,48,mange,moderate
0,1,1,0,0,0,0,0,0,0,0,0,0,0,0,1,1,0,0,44,26,intestinal_parasites,moderate
0,0,0,1,0,0,0,0,0,0,0,1,0,0,0,0,0,1,0,98,788,dental_disease,mild
1,0,0,0,0,0,0,0,0,0,0,0,0,0,0,1,0,1,1,171,781,hypothyroidism,moderate
0,0,0,0,0,0,0,0,1,0,0,0,0,0,0,1,0,0,0,103,44,mange,moderate
1,0,0,0,0,0,0,0,0,0,0,0,0,0,0,1,0,1,1,71,406,hypothyroidism,moderate
0,0,0,0,0,0,0,0,1,0,0,0,0,0,0,0,0,0,0,139,14,ear_infection,mild
0,0,0,0,0,0,0,1,0,0,0,0,0,0,0,0,1,0,0,61,124,obesity_related_strain,mild
0,0,0,0,0,0,0,0,1,1,0,0,0,0,0,0,0,0,0,9,9,ear_infection,mild
1,0,0,0,0,0,0,0,0,0,0,0,0,0,0,1,0,1,1,144,374,hypothyroidism,moderate
0,0,0,0,0,0,0,0,1,0,1,0,0,0,0,0,0,0,0,142,4,conjunctivitis,mild
1,0,0,1,0,0,0,0,0,0,0,0,0,0,0,0,0,0,0,31,74,anxiety_behavioral,mild
1,0,0,0,0,0,0,0,0,0,0,0,0,0,0,0,0,0,0,149,639,hip_dysplasia,moderate
1,0,0,0,0,0,0,1,0,0,0,1,0,0,0,0,0,0,0,155,501,osteoarthritis,moderate
1,0,0,0,0,0,0,1,0,0,0,0,0,0,0,0,1,0,0,182,362,obesity_related_strain,mild
1,0,0,0,0,0,0,1,0,0,0,0,0,0,0,0,0,0,0,119,248,hip_dysplasia,moderate
1,0,0,0,0,0,0,0,1,0,0,0,1,1,0,0,0,0,0,159,1,heatstroke,emergency
1,1,0,0,0,0,0,1,0,0,0,0,1,1,0,0,0,0,0,133,1,heatstroke,emergency
1,0,0,0,0,0,0,1,0,0,0,0,0,0,0,0,0,0,0,22,454,hip_dysplasia,moderate
0,0,0,0,1,1,1,0,0,0,0,0,0,0,0,0,0,0,0,104,2,kennel_cough,mild
0,0,0,0,0,0,0,0,1,1,0,0,0,0,0,0,0,0,0,120,11,ear_infection,mild
1,0,0,1,0,0,0,1,0,0,0,0,0,1,0,0,0,0,0,149,5,tick_borne_disease,severe
0,1,1,1,0,0,0,0,0,0,0,0,0,0,0,1,0,0,0,21,15,intestinal_parasites,moderate
0,1,0,1,0,0,0,0,0,1,0,0,0,0,0,0,0,0,0,155,5,gastroenteritis,moderate
0,0,0,0,0,0,0,0,1,0,0,0,0,0,0,1,0,0,0,28,33,mange,moderate
1,0,0,0,0,0,0,0,0,0,0,0,0,0,0,0,0,0,0,179,43,anxiety_behavioral,mild
1,1,1,1,0,0,0,0,0,0,0,0,0,1,0,0,0,0,0,8,1,parvovirus,emergency
0,0,0,0,0,0,0,0,0,0,1,0,0,0,0,0,0,0,0,178,4,conjunctivitis,mild
1,0,1,1,0,0,0,0,0,0,0,0,0,1,0,0,0,0,0,4,3,parvovirus,emergency
1,1,0,0,0,0,0,0,0,0,0,1,0,0,0,0,0,0,0,149,1,bloat_gdv,emergency
1,0,0,0,0,0,0,1,0,0,0,1,0,0,0,0,0,0,0,95,106,osteoarthritis,moderate
0,0,0,0,0,1,0,0,1,0,1,0,0,0,0,0,0,0,1,140,177,environmental_allergies,mild
1,0,0,1,0,0,0,0,0,0,0,0,0,0,0,0,0,0,0,134,51,anxiety_behavioral,mild
1,0,0,0,0,0,0,1,0,0,0,0,0,0,0,0,1,0,0,190,668,obesity_related_strain,mild
0,1,1,1,0,0,0,0,0,0,0,0,0,0,0,1,0,1,0,54,58,intestinal_parasites,moderate
1,0,0,0,0,0,0,1,0,0,0,1,0,0,0,0,0,0,0,83,738,osteoarthritis,moderate
0,0,0,0,0,1,0,0,1,0,1,0,0,0,0,0,0,0,1,100,86,environmental_allergies,mild
1,1,0,0,0,0,0,0,0,0,0,0,1,1,0,0,0,0,1,162,1,heatstroke,emergency
0,0,0,0,0,0,0,0,1,1,0,0,0,0,0,0,0,0,0,24,6,ear_infection,mild
0,0,0,0,0,0,0,0,0,0,1,0,0,0,0,0,0,0,0,70,10,conjunctivitis,mild
0,1,1,0,0,0,0,0,0,0,0,0,0,0,0,1,0,0,0,11,35,intestinal_parasites,moderate
1,0,0,0,0,0,0,0,0,0,0,0,0,0,0,0,1,0,0,44,729,obesity_related_strain,mild
1,1,0,0,0,0,0,0,0,0,0,1,0,0,0,0,0,0,0,155,1,bloat_gdv,emergency
0,0,0,0,0,0,0,0,1,0,0,0,0,0,0,0,0,0,0,168,6,ear_infection,mild
0,0,0,0,0,0,0,0,1,1,0,0,0,0,0,0,0,0,0,119,13,ear_infection,mild
1,0,0,1,0,0,0,0,0,0,0,0,0,0,0,0,0,0,0,63,71,anxiety_behavioral,mild
0,1,1,1,0,0,0,0,0,0,0,0,0,0,0,0,0,0,0,45,29,intestinal_parasites,moderate
1,0,0,1,0,0,0,0,0,0,0,0,0,0,0,0,0,0,0,91,86,anxiety_behavioral,mild
1,0,0,1,0,0,0,0,0,0,0,0,0,1,1,0,0,0,0,118,9,urinary_tract_infection,moderate
1,1,0,0,0,0,0,0,0,0,0,1,0,0,0,0,0,0,0,97,1,bloat_gdv,emergency
1,0,0,1,0,0,0,0,0,0,0,0,0,1,0,0,0,1,0,29,10,urinary_tract_infection,moderate
0,1,1,1,0,0,0,0,0,0,0,0,0,0,0,0,0,0,0,130,5,gastroenteritis,moderate
1,0,0,0,0,0,0,0,0,0,0,0,0,0,0,0,0,0,0,105,459,hip_dysplasia,moderate
0,0,0,0,0,0,0,0,1,0,0,0,0,0,0,1,0,0,1,102,47,mange,moderate
0,0,0,0,0,0,0,0,1,1,0,0,0,0,0,0,0,0,0,146,14,ear_infection,mild
1,0,0,0,0,0,0,0,0,0,0,0,0,0,0,1,0,1,1,133,517,hypothyroidism,moderate
0,1,1,1,0,0,0,0,0,0,0,0,0,0,0,0,0,0,0,133,1,gastroenteritis,moderate
0,0,0,0,0,1,0,0,1,0,1,0,0,0,1,0,0,0,1,35,174,environmental_allergies,mild
0,0,0,0,0,1,0,0,1,0,1,0,0,0,0,0,0,0,1,52,76,environmental_allergies,mild
1,0,0,1,0,0,0,1,0,0,0,0,0,1,0,0,0,0,0,128,3,tick_borne_disease,severe
1,0,0,0,0,0,0,1,0,0,0,0,0,0,0,0,0,0,0,103,518,hip_dysplasia,moderate
0,1,1,1,0,0,0,0,0,0,0,0,0,0,0,0,0,0,0,70,2,gastroenteritis,moderate
0,1,0,1,0,0,0,0,0,0,0,0,0,0,0,0,0,0,0,63,2,gastroenteritis,moderate
1,1,0,0,0,0,0,0,0,0,0,0,1,1,0,0,0,0,0,127,1,heatstroke,emergency
1,0,0,0,0,0,0,1,0,0,0,1,0,0,0,0,0,0,0,179,137,osteoarthritis,moderate
1,1,0,0,0,0,0,0,0,0,0,0,1,1,0,0,0,0,0,64,1,heatstroke,emergency
0,1,1,1,0,0,0,0,0,0,0,0,0,0,0,1,0,0,0,35,29,intestinal_parasites,moderate
1,0,0,0,0,0,0,0,0,0,0,0,0,0,0,0,1,0,0,52,81,hip_dysplasia,moderate
1,0,0,0,0,0,0,1,0,1,0,0,0,1,0,0,0,0,0,185,18,tick_borne_disease,severe
0,1,1,1,0,0,0,0,0,0,0,0,0,0,0,1,0,0,0,56,30,intestinal_parasites,moderate
0,0,0,1,0,0,0,0,0,0,0,0,0,0,0,0,0,0,0,126,41,anxiety_behavioral,mild
0,1,1,1,0,0,0,0,0,0,0,0,0,0,0,1,0,0,0,28,18,intestinal_parasites,moderate
0,0,1,1,0,0,0,0,0,0,0,0,0,0,0,0,0,0,0,179,4,gastroenteritis,moderate
0,1,1,1,0,0,0,0,0,0,0,0,1,0,0,1,0,0,0,40,46,intestinal_parasites,moderate
1,0,0,1,0,0,0,0,0,0,0,0,0,0,0,0,0,0,0,111,106,anxiety_behavioral,mild
0,0,1,1,0,0,0,0,0,0,0,0,0,0,0,1,0,0,0,52,41,intestinal_parasites,moderate
0,0,0,0,0,0,0,0,1,0,0,0,0,0,0,1,0,0,1,38,78,mange,moderate
1,0,0,1,0,0,0,0,0,0,0,0,0,0,0,0,0,0,0,82,37,anxiety_behavioral,mild
1,0,0,1,0,0,0,1,0,0,0,0,0,1,0,0,0,0,0,42,3,tick_borne_disease,severe
1,0,0,0,0,0,0,0,0,0,0,0,0,0,0,0,0,1,1,96,479,hypothyroidism,moderate
0,0,0,1,0,0,0,0,0,0,0,1,0,0,0,0,0,1,0,178,635,dental_disease,mild
1,0,0,0,0,1,0,1,0,0,0,1,0,0,0,0,0,0,0,93,613,osteoarthritis,moderate
0,0,0,0,0,0,0,0,1,0,0,0,0,0,0,0,0,0,0,44,9,conjunctivitis,mild
1,1,0,0,0,0,0,0,0,0,0,0,1,1,0,0,0,0,0,169,1,heatstroke,emergency
0,0,0,1,0,0,0,0,0,0,0,1,0,0,0,0,0,1,0,81,580,dental_disease,mild
1,0,0,0,0,0,0,1,0,0,0,0,0,0,0,0,0,0,0,119,657,hip_dysplasia,moderate
1,0,0,0,0,0,0,1,0,0,0,1,0,0,0,0,0,0,0,168,766,osteoarthritis,moderate
0,0,0,0,0,0,1,0,1,0,0,0,0,0,0,0,0,0,1,39,86,mange,moderate
1,0,0,1,0,0,0,0,0,0,0,0,0,0,0,0,0,0,0,135,130,anxiety_behavioral,mild
1,0,0,1,0,0,0,1,0,0,0,0,0,1,0,0,0,0,0,18,17,tick_borne_disease,severe
1,0,0,0,0,0,0,0,0,0,0,1,0,0,0,0,0,0,0,158,554,osteoarthritis,moderate
0,0,0,0,0,0,0,0,0,0,1,0,0,0,0,0,0,0,0,158,8,conjunctivitis,mild
1,0,0,1,0,0,0,0,0,0,0,0,0,1,1,0,0,0,0,43,5,urinary_tract_infection,moderate
1,1,0,0,0,0,0,0,0,0,0,0,1,0,0,0,0,0,0,25,1,heatstroke,emergency
0,1,1,1,0,0,0,0,0,0,0,0,0,0,0,0,0,0,0,4,50,intestinal_parasites,moderate
1,0,0,1,0,0,1,0,0,0,0,0,0,1,1,0,0,0,0,126,4,urinary_tract_infection,moderate
1,0,0,0,0,0,0,0,0,0,0,1,0,0,0,0,0,0,0,131,93,osteoarthritis,moderate
1,0,0,1,0,0,0,0,0,0,0,0,0,0,0,0,0,0,0,46,149,anxiety_behavioral,mild
1,0,0,0,0,0,0,0,1,0,1,0,0,0,0,0,0,0,0,196,5,conjunctivitis,mild
0,0,0,0,0,1,0,0,1,0,1,0,0,0,0,0,0,0,1,86,116,environmental_allergies,mild
0,0,0,1,0,0,0,1,0,0,0,0,0,1,0,0,0,0,0,14,13,tick_borne_disease,severe
1,0,0,1,0,0,0,1,0,0,0,0,0,1,0,0,0,1,0,92,16,tick_borne_disease,severe
0,1,1,1,0,0,0,0,0,0,0,0,0,0,0,0,0,0,0,27,4,gastroenteritis,moderate
1,0,0,0,0,0,0,0,0,0,0,0,0,0,0,1,0,1,0,123,737,hypothyroidism,moderate
0,0,0,0,0,0,0,0,0,0,1,0,0,0,0,0,0,0,0,110,4,conjunctivitis,mild
1,1,0,0,0,0,0,0,0,0,0,1,0,1,0,0,0,0,0,99,1,bloat_gdv,emergency
0,0,0,1,0,0,0,0,0,0,0,0,0,1,1,0,0,0,0,126,5,urinary_tract_infection,moderate
0,0,0,1,0,0,0,0,0,0,1,1,0,0,0,0,0,1,0,95,865,dental_disease,mild
0,0,0,0,0,0,0,0,1,0,0,0,0,0,0,0,0,0,0,32,5,conjunctivitis,mild
1,0,0,0,0,0,0,0,0,0,0,0,0,0,0,1,0,1,1,181,488,hypothyroidism,moderate
0,1,1,1,0,0,1,0,0,0,0,0,0,0,0,1,0,0,0,37,58,intestinal_parasites,moderate
0,1,1,1,0,0,0,0,0,0,0,0,0,0,0,1,0,0,0,6,44,intestinal_parasites,moderate
1,0,0,1,0,0,0,0,0,0,0,0,0,0,0,0,0,0,0,165,87,anxiety_behavioral,mild
1,0,0,0,0,0,0,0,1,0,0,0,0,0,0,1,0,0,1,44,68,mange,moderate
0,0,0,0,0,0,0,0,1,0,1,0,0,0,0,0,0,0,0,17,6,conjunctivitis,mild
1,0,0,0,0,0,0,0,0,0,0,0,0,0,0,1,0,1,1,93,806,hypothyroidism,moderate
1,0,0,0,0,0,0,0,0,0,0,0,0,0,0,0,1,0,0,145,337,obesity_related_strain,mild
1,0,0,0,0,0,0,1,0,0,0,0,0,0,0,0,1,0,0,121,233,obesity_related_strain,mild
0,0,0,0,1,1,1,0,0,0,0,0,0,0,0,0,0,0,0,65,6,kennel_cough,mild
1,0,0,0,0,0,0,1,0,0,0,1,0,0,0,0,0,0,0,166,239,osteoarthritis,moderate
0,0,0,0,0,0,0,0,1,1,0,0,0,0,0,0,0,0,0,123,10,ear_infection,mild
0,0,0,1,0,0,0,0,0,0,0,1,0,0,0,0,0,1,0,98,742,dental_disease,mild
1,1,1,1,0,0,0,0,0,0,0,0,0,1,0,0,0,0,0,10,2,parvovirus,emergency
1,0,0,0,0,0,0,1,0,0,0,0,0,0,0,0,1,0,0,62,69,obesity_related_strain,mild
0,0,0,0,0,0,0,0,1,0,0,0,0,0,0,0,0,0,0,124,3,ear_infection,mild
0,0,0,0,0,0,0,0,1,0,1,0,0,0,0,0,0,0,0,128,6,conjunctivitis,mild
0,0,0,0,0,0,0,0,1,0,0,0,0,0,0,1,0,0,1,9,77,mange,moderate
0,0,0,0,0,0,0,0,1,0,0,0,0,0,0,1,0,0,1,110,44,mange,moderate
0,1,1,1,0,0,0,0,0,0,0,0,0,0,0,1,0,0,0,43,32,intestinal_parasites,moderate
0,0,0,0,0,0,0,1,0,0,0,0,0,0,0,0,0,0,0,6,562,hip_dysplasia,moderate
1,0,0,0,0,0,0,1,0,0,0,0,0,0,0,1,1,0,0,83,137,obesity_related_strain,mild
1,0,0,0,0,0,0,1,0,0,0,0,0,0,0,0,0,0,0,139,867,osteoarthritis,moderate
1,0,0,1,0,0,0,1,0,0,0,0,0,0,0,0,1,0,0,114,627,obesity_related_strain,mild
1,1,0,0,0,0,0,0,0,0,0,1,0,0,0,0,0,0,0,187,1,bloat_gdv,emergency
1,0,0,0,0,0,0,1,0,0,0,0,0,0,0,0,1,0,0,45,571,obesity_related_strain,mild
0,0,0,0,0,0,0,0,0,0,0,0,0,0,0,1,0,0,1,55,76,mange,moderate
0,1,1,1,0,0,0,0,0,0,0,0,0,0,0,0,0,0,0,125,4,gastroenteritis,moderate
0,0,0,1,0,0,0,1,0,0,0,0,0,1,0,0,0,0,0,101,20,tick_borne_disease,severe
1,0,0,1,0,0,0,1,0,0,0,0,0,1,0,0,0,0,0,76,12,tick_borne_disease,severe
0,0,0,0,0,0,0,0,1,0,0,0,0,0,0,1,0,0,0,16,72,mange,moderate
0,1,1,1,0,0,0,0,0,0,0,0,0,1,0,0,0,0,0,27,4,gastroenteritis,moderate
1,1,1,1,0,0,0,0,0,0,0,0,0,0,0,0,0,0,0,2,2,parvovirus,emergency
0,0,0,0,0,0,0,0,1,0,1,0,0,0,0,0,0,0,0,154,10,conjunctivitis,mild
0,1,1,1,0,0,0,0,0,0,0,0,0,0,0,1,0,0,0,6,52,intestinal_parasites,moderate
1,0,0,1,0,0,0,0,0,0,0,0,0,0,0,0,0,0,0,111,125,anxiety_behavioral,mild
1,0,0,0,0,0,0,1,0,0,0,0,0,0,0,0,1,0,0,48,596,obesity_related_strain,mild
0,0,0,0,0,0,0,0,1,0,0,0,0,0,0,1,0,0,1,53,24,mange,moderate
1,0,0,0,0,0,0,1,0,0,0,1,0,0,0,0,0,0,0,135,346,hip_dysplasia,moderate
1,0,0,0,0,0,0,1,0,0,0,0,0,0,0,0,0,0,0,166,628,obesity_related_strain,mild
1,1,0,0,0,0,0,0,0,0,1,0,1,1,0,0,0,0,0,16,1,heatstroke,emergency
0,0,0,0,0,0,0,0,0,0,0,1,0,0,0,0,0,1,0,150,642,dental_disease,mild
0,0,0,0,1,1,1,0,0,0,0,0,0,0,0,0,0,0,0,29,5,kennel_cough,mild
1,1,1,1,0,0,0,0,0,0,0,0,0,1,0,0,0,0,0,3,3,parvovirus,emergency
0,1,1,1,0,0,0,0,0,0,0,0,0,0,0,0,0,0,0,142,2,gastroenteritis,moderate
1,0,0,0,0,0,0,1,0,0,0,0,0,0,0,0,0,0,0,13,283,hip_dysplasia,moderate
1,1,1,1,0,0,0,0,0,0,0,0,0,1,0,0,0,0,0,6,3,parvovirus,emergency
0,0,0,0,0,0,0,0,1,0,0,0,0,0,0,1,0,0,0,68,66,mange,moderate
0,0,0,0,0,0,0,1,0,0,0,1,0,0,0,0,0,0,0,179,354,osteoarthritis,moderate
1,1,0,0,0,0,0,0,0,0,0,1,0,0,0,0,0,1,0,196,1,bloat_gdv,emergency
1,0,0,1,0,0,0,1,0,0,0,0,0,1,0,0,0,0,0,49,18,tick_borne_disease,severe
0,0,0,0,0,1,0,0,1,0,1,1,0,0,0,0,0,0,1,60,46,environmental_allergies,mild
1,1,0,0,0,0,0,0,0,0,0,0,1,1,0,0,0,0,0,189,1,heatstroke,emergency
0,0,0,0,0,0,0,0,1,0,1,0,0,0,0,0,0,0,0,170,6,conjunctivitis,mild
1,0,0,1,0,0,0,1,0,0,0,0,0,1,0,0,0,0,0,65,6,tick_borne_disease,severe
1,0,0,1,0,0,0,0,0,0,0,0,0,0,0,0,0,0,0,106,179,anxiety_behavioral,mild
0,0,0,1,0,0,0,0,0,0,0,1,0,0,0,0,0,0,0,175,464,dental_disease,mild
0,0,0,0,0,0,0,0,1,1,0,0,0,0,0,0,0,0,0,43,6,ear_infection,mild
0,0,1,0,1,1,1,0,0,0,0,0,0,0,0,0,0,0,0,109,12,kennel_cough,mild
1,1,0,0,0,0,0,0,0,0,0,1,0,0,0,0,0,0,0,141,1,bloat_gdv,emergency
0,0,0,0,0,0,0,0,1,0,1,0,0,0,0,0,0,0,0,196,8,conjunctivitis,mild
1,0,0,0,0,0,0,0,0,0,0,0,0,0,0,0,0,0,0,175,57,hip_dysplasia,moderate
1,0,0,0,0,0,0,0,0,0,0,0,0,0,0,1,0,1,1,173,217,hypothyroidism,moderate
0,0,0,1,0,0,0,0,0,0,0,1,0,0,0,0,0,1,0,54,222,dental_disease,mild
0,0,0,0,1,1,1,0,0,0,0,0,0,0,0,0,0,0,0,69,8,kennel_cough,mild
1,1,1,1,0,0,0,0,0,0,0,0,0,1,0,0,0,0,0,5,2,parvovirus,emergency
0,0,0,0,0,0,0,0,0,1,0,0,0,0,0,0,0,0,0,63,13,ear_infection,mild
0,1,1,1,0,0,0,0,0,0,0,0,1,1,0,0,0,0,0,5,2,parvovirus,emergency
1,1,0,0,0,0,0,0,0,0,0,1,0,0,0,0,0,0,1,32,1,bloat_gdv,emergency
1,0,0,1,0,0,0,1,0,0,0,0,0,1,0,0,0,0,0,134,11,tick_borne_disease,severe
0,1,1,1,1,0,0,0,0,0,0,0,0,0,0,0,0,0,0,112,3,gastroenteritis,moderate
0,1,1,1,0,0,0,0,0,0,0,0,0,0,0,0,0,0,0,168,2,gastroenteritis,moderate
0,0,0,0,1,1,1,0,0,0,0,0,0,0,0,0,0,0,0,44,8,kennel_cough,mild
1,0,0,0,0,0,0,0,0,0,0,0,0,1,1,0,0,0,0,102,7,urinary_tract_infection,moderate
0,0,0,0,0,0,0,0,1,0,0,0,0,0,0,1,0,0,1,11,39,mange,moderate
0,0,0,0,0,1,0,0,1,0,0,0,0,0,0,0,0,0,1,108,24,environmental_allergies,mild
0,0,0,0,0,0,0,0,1,0,0,0,0,0,0,1,0,0,0,94,54,mange,moderate
1,0,0,0,0,0,0,1,0,0,0,1,0,0,0,0,0,0,0,143,684,osteoarthritis,moderate
0,1,0,0,0,0,0,0,0,0,0,1,0,0,0,0,0,0,0,144,1,bloat_gdv,emergency
1,1,0,0,0,0,0,0,0,0,0,1,0,0,0,0,0,0,0,98,1,bloat_gdv,emergency
1,0,0,0,0,0,0,0,0,0,0,0,0,0,0,1,0,1,1,165,72,hypothyroidism,moderate
1,0,0,0,0,0,0,1,0,0,0,1,0,0,0,0,0,0,0,142,76,osteoarthritis,moderate
0,1,1,1,0,0,0,0,0,0,0,0,0,0,0,0,0,0,0,180,4,gastroenteritis,moderate
0,0,0,0,0,0,0,0,1,1,0,0,0,0,0,0,0,0,0,80,6,ear_infection,mild
1,0,0,0,0,0,0,1,0,0,0,0,0,0,0,0,1,0,0,159,103,obesity_related_strain,mild
1,0,1,1,0,0,0,0,0,0,0,0,0,0,0,1,0,0,0,54,56,intestinal_parasites,moderate
1,0,0,1,0,0,0,1,0,0,0,0,0,1,0,0,0,0,0,121,20,tick_borne_disease,severe
0,0,0,0,0,0,0,0,1,0,0,0,0,0,0,1,0,0,0,17,78,mange,moderate
1,1,0,0,0,0,0,0,0,0,0,1,0,0,0,0,0,0,0,101,1,bloat_gdv,emergency
1,0,0,0,0,0,0,0,0,1,0,0,0,0,0,0,0,0,0,178,347,hip_dysplasia,moderate
1,0,0,0,0,0,0,1,0,0,0,0,0,0,0,0,1,0,0,186,339,obesity_related_strain,mild
1,0,0,1,0,0,0,1,0,0,0,0,0,1,0,0,0,0,0,97,17,tick_borne_disease,severe
1,1,1,0,0,0,0,0,0,0,0,0,0,1,0,0,0,0,0,10,1,parvovirus,emergency
0,0,1,1,0,0,0,0,0,0,1,0,0,0,0,1,0,0,0,1,28,intestinal_parasites,moderate
1,0,0,0,0,0,0,1,0,0,0,0,0,0,0,0,1,0,0,59,869,obesity_related_strain,mild
0,0,0,0,1,1,0,0,0,0,0,0,0,0,0,0,0,0,0,12,7,kennel_cough,mild
0,1,1,1,0,0,0,0,0,0,0,0,0,0,0,0,0,0,0,76,5,gastroenteritis,moderate
1,1,1,1,0,0,0,0,0,0,0,0,0,0,0,0,0,0,0,3,4,parvovirus,emergency
0,0,0,1,0,0,0,0,0,0,0,1,0,0,0,0,0,1,0,169,256,dental_disease,mild
1,0,0,0,0,0,0,0,0,0,0,0,1,1,0,0,0,0,0,112,1,heatstroke,emergency
1,1,0,0,0,0,0,0,0,0,0,0,0,0,0,0,0,0,0,125,1,bloat_gdv,emergency
1,0,0,1,0,0,0,1,1,0,0,0,0,1,0,0,0,0,0,19,19,tick_borne_disease,severe
1,0,0,0,0,0,0,1,0,0,1,0,0,0,0,0,0,0,0,51,624,hip_dysplasia,moderate
1,0,0,1,0,0,0,0,0,0,0,0,0,0,1,0,0,0,0,10,7,urinary_tract_infection,moderate
1,0,0,0,0,0,0,1,0,0,0,0,0,0,0,0,1,0,0,176,466,obesity_related_strain,mild
1,0,0,1,0,0,0,1,0,0,0,0,0,1,1,0,0,0,0,179,5,urinary_tract_infection,moderate
1,0,0,0,0,0,0,1,0,0,0,1,0,0,0,0,0,0,0,93,152,osteoarthritis,moderate
1,1,1,1,0,0,0,0,0,0,0,0,0,1,0,0,0,0,0,6,1,parvovirus,emergency
0,0,0,1,0,0,0,0,0,0,0,0,1,1,1,0,0,0,0,35,10,urinary_tract_infection,moderate
0,0,0,1,0,0,0,0,0,0,0,0,0,0,0,0,0,0,0,86,117,anxiety_behavioral,mild
1,0,1,1,0,0,0,1,0,0,0,0,0,0,0,0,0,0,0,62,14,tick_borne_disease,severe
0,0,0,0,0,0,0,0,1,0,1,0,0,0,0,0,0,0,1,13,22,environmental_allergies,mild
0,0,0,0,0,0,0,0,1,1,0,0,0,0,0,0,0,0,0,138,4,ear_infection,mild
1,0,0,0,0,0,0,0,0,0,0,0,0,0,0,1,0,1,1,90,276,hypothyroidism,moderate
0,0,0,0,1,0,0,0,1,0,1,0,0,0,0,0,0,0,0,65,4,conjunctivitis,mild
1,1,0,0,0,0,0,0,0,0,0,1,0,0,0,0,0,0,0,116,1,bloat_gdv,emergency
1,0,0,0,0,0,0,0,0,0,0,0,0,0,0,1,0,1,1,173,736,hypothyroidism,moderate
0,0,0,1,0,0,0,0,0,0,0,1,0,0,0,0,0,0,0,91,802,dental_disease,mild
1,0,0,0,0,0,0,1,0,0,0,0,0,0,0,0,0,0,0,153,603,osteoarthritis,moderate
1,0,0,0,0,0,0,1,0,0,0,0,0,0,0,0,1,0,0,82,424,obesity_related_strain,mild
1,0,0,0,0,0,0,1,0,0,0,0,0,0,0,0,1,0,0,152,823,obesity_related_strain,mild
0,0,0,0,0,0,0,0,1,0,0,0,0,0,0,1,0,0,1,83,22,mange,moderate
0,1,1,1,0,0,0,0,0,0,0,1,0,0,0,0,0,0,0,149,1,gastroenteritis,moderate
0,0,0,0,0,0,0,0,1,0,0,0,0,0,0,1,0,0,1,21,36,mange,moderate
1,1,0,0,0,0,0,0,0,0,0,1,0,0,0,1,0,0,0,84,1,bloat_gdv,emergency
0,0,0,0,0,0,1,0,1,0,0,0,0,0,0,1,0,0,0,7,21,mange,moderate
0,0,0,1,0,0,0,0,0,0,0,1,0,0,0,0,0,1,0,196,725,dental_disease,mild
0,0,0,0,1,1,1,0,0,0,0,0,0,0,0,0,0,0,0,16,2,kennel_cough,mild
1,1,0,0,0,0,1,0,0,0,0,0,0,0,0,0,0,0,0,146,1,bloat_gdv,emergency
1,0,0,0,0,0,0,0,0,0,0,0,0,0,0,0,1,0,0,123,753,obesity_related_strain,mild
0,1,1,1,0,0,0,0,0,0,1,0,0,0,0,1,0,0,0,34,29,intestinal_parasites,moderate
0,0,0,0,0,0,0,1,0,0,0,1,0,0,0,0,0,0,0,178,777,osteoarthritis,moderate
1,1,1,1,0,0,0,0,0,0,0,0,0,1,0,0,0,0,0,11,4,parvovirus,emergency
0,0,0,0,0,1,0,0,1,0,1,0,0,0,0,0,0,0,1,156,109,environmental_allergies,mild
1,1,0,0,0,0,0,0,0,0,0,1,0,0,0,0,0,0,0,86,1,bloat_gdv,emergency
0,0,0,0,0,0,0,0,1,1,0,0,0,0,0,0,0,0,0,142,7,ear_infection,mild
0,0,1,0,0,1,0,0,1,0,1,0,0,0,0,0,0,0,1,76,166,environmental_allergies,mild
0,1,1,1,0,0,0,0,0,0,0,0,0,0,0,0,0,0,0,151,4,gastroenteritis,moderate
1,0,0,0,0,0,0,1,0,0,0,0,0,1,1,0,0,0,0,105,14,tick_borne_disease,severe
1,1,0,0,0,0,0,0,0,0,0,0,1,0,0,0,0,0,0,198,1,heatstroke,emergency
1,1,0,0,0,0,0,0,0,0,0,1,0,0,1,0,0,0,0,40,1,bloat_gdv,emergency
1,0,0,1,0,0,0,0,0,0,0,0,0,1,0,0,0,0,0,164,4,urinary_tract_infection,moderate
1,0,0,0,0,0,0,0,0,0,0,0,0,0,0,1,0,0,1,193,93,hypothyroidism,moderate
0,0,0,0,0,1,0,0,1,0,1,0,0,0,0,0,0,0,0,123,26,environmental_allergies,mild
0,0,0,0,0,0,0,0,0,0,1,0,0,0,0,0,0,0,0,195,5,conjunctivitis,mild
1,0,0,0,0,0,0,0,0,0,0,0,0,0,0,0,0,0,0,89,375,hip_dysplasia,moderate
0,0,0,0,0,0,0,1,1,0,1,0,0,0,0,0,0,0,0,134,9,conjunctivitis,mild
1,0,0,0,0,0,0,1,0,0,0,0,0,0,0,0,0,0,0,81,597,hip_dysplasia,moderate
1,0,0,1,0,0,0,1,0,0,0,0,0,1,0,0,0,0,0,180,18,tick_borne_disease,severe
0,0,0,0,1,1,0,0,0,0,0,0,0,0,0,0,0,0,0,60,5,kennel_cough,mild
1,1,0,0,0,0,0,0,0,0,0,1,0,0,0,0,0,0,0,59,1,bloat_gdv,emergency
1,0,0,1,0,0,0,0,0,0,0,0,0,1,1,0,0,0,0,69,9,urinary_tract_infection,moderate
0,1,1,1,0,0,0,0,0,0,0,0,0,0,0,0,0,0,0,107,1,gastroenteritis,moderate
1,1,0,0,0,0,0,0,0,0,0,1,0,0,0,0,0,0,0,33,1,bloat_gdv,emergency
1,0,0,0,0,0,0,0,0,0,0,0,0,0,0,0,0,0,0,155,50,hip_dysplasia,moderate
1,0,0,1,0,0,0,0,0,0,0,0,0,0,0,0,0,0,0,190,164,anxiety_behavioral,mild
1,1,0,1,0,0,0,0,0,0,0,0,0,1,0,0,0,0,0,10,3,parvovirus,emergency
0,0,0,0,0,0,0,0,1,0,0,0,0,0,0,1,0,0,1,72,67,mange,moderate
0,0,0,1,1,1,1,0,0,0,0,0,0,0,0,0,0,0,0,29,13,kennel_cough,mild
0,0,1,0,0,0,0,1,0,0,0,0,0,0,0,0,0,0,0,68,516,hip_dysplasia,moderate
0,0,0,0,0,1,0,1,1,0,1,0,0,0,0,0,0,0,0,140,36,environmental_allergies,mild
1,1,0,0,0,0,0,0,0,0,0,0,1,1,0,0,0,0,0,40,1,heatstroke,emergency
1,0,0,0,0,0,0,1,0,0,0,0,0,0,0,0,0,0,0,154,651,hip_dysplasia,moderate
